_NAME_,Factor1,Factor2,Factor3,Factor4,Factor5,Factor6,Factor7,Factor8,loaded,factor,pole
v000001,0.2790594312,0.1217630701,-0.10496141,0.1598153333,-0.335125323,0.1125966086,0.6767942015,0.1369835442,1,fac7,1
v000002,-0.170758636,0.1778536449,-0.320450656,-0.101284723,-0.277795914,0.0406944035,0.3636662144,0.2278544561,1,fac7,1
v000003,0.495671418,-0.012007053,0.0945888611,0.8123738364,0.3218914499,0.7632187671,-0.286949359,-0.116454916,1,fac4,1
v000004,-0.129351859,-0.134708869,0.4924621289,0.1312840899,-0.049528069,-0.262757274,0.0741681736,0.0490396343,1,fac3,1
v000005,0.1713554006,0.0101189251,0.4054568637,0.4188385396,-0.108725132,-0.390689528,0.1874857629,0.3052411494,1,fac4,1
v000006,-0.265329313,0.135018943,0.2074502793,0.0066664997,-0.217097505,-0.330599067,0.101314383,0.0041008618,1,fac6,-1
v000007,0.0313615715,-0.186800073,0.0858771036,0.0051356942,-0.473594019,-0.117873985,0.1198263932,0.1568268933,1,fac5,-1
v000008,-0.081697917,0.0705437935,-0.111302157,0.6009310221,-0.025776134,-0.517239984,0.4023019483,-0.322303549,1,fac4,1
v000009,-0.00797053,0.1404687429,-0.315547503,0.4137741513,-0.054149924,0.3290570403,0.2756116789,-0.116254971,1,fac4,1
v000010,-0.305717735,0.1309962099,-0.224177902,0.121142488,0.1203855921,-0.015049781,-0.291188287,-0.905040579,1,fac8,-1
v000011,-0.356455767,0.0712742616,0.1021122395,0.0263075231,-0.136971127,-0.225425306,-0.672974146,-0.128268587,1,fac7,-1
v000012,-0.162163768,0.0915627402,0.2215172969,-0.177749274,-0.417944315,-0.070744318,0.1650846546,-0.041001148,1,fac5,-1
v000013,0.6465406673,-1.016092915,-0.336313281,-0.088466201,-0.03648622,-0.244183763,-0.001899953,0.5731189839,1,fac2,-1
v000016,-0.106582459,0.1292577038,-0.05112127,-0.078520425,0.0274027373,0.6322160693,0.427817266,0.3344972438,1,fac6,1
v000017,0.1791783992,0.6064454724,0.2288616818,-0.129791224,-0.152811726,-0.067211676,-0.050379271,-0.039369527,1,fac2,1
v000018,-0.082842537,0.2162712232,0.4023786277,0.064008404,-0.216445424,0.0076939641,0.0903794553,0.0396818865,1,fac3,1
v000019,0.0044387581,0.0273962682,0.6394101039,0.0041425594,-0.093963963,0.1228461684,-0.068411805,-0.092421422,1,fac3,1
v000020,-0.367580056,0.3822154924,-0.084314262,-0.053715739,-0.203930519,-0.294361005,-0.050048881,-0.036156515,1,fac2,1
v000021,-0.094160048,0.4907346066,-0.099057469,0.2866293206,0.0447172788,0.045617096,-0.278375846,-0.14675835,1,fac2,1
v000022,0.2030013565,0.6595342165,0.0796591687,0.0895102427,0.0865828799,0.0530110677,0.1098049568,0.1911550027,1,fac2,1
v000023,-0.025741234,0.5882350157,-0.298023604,0.0350769096,-0.199935353,-0.23140943,0.2244346888,-0.345862862,1,fac2,1
v000024,0.2818523932,0.7647441718,0.1315353184,-0.204172618,-0.098656052,-0.346242081,0.4381369015,-0.181309605,1,fac2,1
v000026,0.2684199319,0.0698128463,-0.117785455,-0.02088475,-0.675355345,0.0024923177,-0.259493882,-0.253099828,1,fac5,-1
v000027,-0.393188421,0.2114614271,0.0334350461,0.0582781854,0.0595719953,0.4228116855,-0.015826192,-0.219369107,1,fac6,1
v000028,0.072077175,0.0848285266,0.375419748,0.1809942486,0.2016193875,0.4196283208,-0.571058108,-0.05453753,1,fac7,-1
v000029,0.1051956018,0.3195797225,0.0633900972,-0.073126062,-0.479677083,0.1128479424,-0.126084209,0.0058177879,1,fac5,-1
v000030,0.851638156,-0.848171375,-0.189583734,-0.311662393,-0.126949512,0.2047005224,-0.29152095,-0.402669216,1,fac1,1
v000031,-0.3294374,-0.23606387,-0.344839908,0.0441478883,-0.442752302,-0.116069255,0.2674546021,-0.18218028,1,fac5,-1
v000032,-0.104755207,0.0749043039,0.1367546328,-0.18189424,-0.273135856,-0.116555186,-0.002571459,0.1082433999,0,,
v000033,-0.131327402,0.1767723117,0.3129178559,-0.218963592,-0.116111819,0.0996261513,0.1394648267,-0.088710313,1,fac3,1
v000034,-0.350761766,0.0641836208,0.3574432323,-0.11057237,-0.006593648,0.1199042048,-0.119086588,-0.124388851,1,fac3,1
v000035,-0.240247586,0.1562236169,0.1170682019,0.2119693782,-0.056860791,0.0949454526,-0.004856228,-0.078442713,0,,
v000036,-0.280080339,0.2499266198,-0.289394807,-0.051239247,-0.076047341,0.5226220542,-0.091120339,-0.149264897,1,fac6,1
v000037,-0.083155542,0.2026587346,-0.142974944,0.0006578433,-0.428448414,-0.027596558,0.0634907672,0.0679672391,1,fac5,-1
v000038,-0.013303001,0.2674023633,0.2462280917,0.0260643519,-0.094944566,-0.019170483,0.1091082789,-0.072907884,0,,
v000039,-0.317669104,0.1577083285,0.0388776891,-0.024965173,0.2808847458,-0.080460546,-0.000739514,-0.115373611,1,fac1,-1
v000040,-0.310773045,0.2003139236,0.1420616117,0.0053983968,0.0145140486,0.04868816,0.0545097241,0.0729405108,1,fac1,-1
v000041,-0.250680025,0.1894481652,-0.335302839,-0.028580246,-0.104681551,0.188522969,-0.344122969,0.5968692916,1,fac8,1
v000042,-0.272453061,0.1245265062,-0.00005119,0.0550665054,-0.204113643,-0.122813469,0.1015474457,0.1933621358,0,,
v000043,0.1038288271,0.0639273315,0.0330938596,0.1064231226,-0.291217633,-0.030027092,0.1162159179,-0.085425742,0,,
v000044,-0.069409345,0.4360857382,0.2682200668,-0.099376888,-0.08464703,-0.041884299,-0.257403429,-0.055856058,1,fac2,1
v000045,-0.404016917,-0.460672494,0.2509326717,0.0831143523,-0.1154486,0.2999339361,-0.102863241,0.1437095153,1,fac2,-1
v000046,-0.7164509,-0.152068371,-0.33536154,-0.049713627,-0.113237814,0.169635876,-0.114055489,0.3605181562,1,fac1,-1
v000047,-0.133773837,0.1861027449,0.1104172955,0.0926342033,-0.039825661,-0.052831936,0.1374597485,-0.09391431,0,,
v000048,0.0601846971,0.1547649577,0.4021961498,-0.305325605,-0.406540973,-0.0454334,-0.12406901,0.0436408307,1,fac5,-1
v000049,0.0918597345,0.1530196986,0.3351751437,-0.306894136,-0.373490197,0.1250957518,-0.060921298,0.0445362391,1,fac5,-1
v000050,-0.042620816,0.0420848634,0.5168117041,-0.042151509,-0.057107349,-0.142800978,-0.521764475,-0.048459055,1,fac7,-1
v000051,-0.189018608,-0.021819412,0.0685900763,0.1406171872,0.0259339897,-0.109732602,0.1015175921,0.4861658603,1,fac8,1
v000052,0.5526438,-0.061534474,0.3828084704,0.1758282878,-0.351730759,-0.480272416,0.3702095465,0.1967528163,1,fac1,1
v000053,0.0106541928,0.3676331485,0.0513049421,-0.01438692,-0.403924867,-0.039375898,-0.008163196,-0.065105712,1,fac5,-1
v000054,-0.52436691,-0.020689457,-0.226755072,0.178239939,0.1325658929,0.0685104407,-0.50997895,-0.031948346,1,fac1,-1
v000055,-0.228605465,0.0725973297,0.0141298755,0.074824777,-0.263346117,0.3586681222,0.1077446256,0.2806349946,1,fac6,1
v000056,-0.192614479,0.2074987721,0.204379853,-0.280862721,-0.105772861,0.3654934125,-0.079046271,0.072508845,1,fac6,1
v000057,0.0026399091,0.2876458485,0.5831695351,-0.534717239,-0.045385212,-0.034824245,-0.367441179,0.2399318743,1,fac3,1
v000058,-0.000390463,-0.060334295,0.7290020247,0.0591574495,0.0667990305,0.1694588396,-0.0620831,-0.073614953,1,fac3,1
v000059,-0.211989155,0.2212257845,0.6338161388,-0.096880673,0.2424566198,0.2868873381,-0.36464374,-0.13929962,1,fac3,1
v000060,-0.047060856,0.2599326722,0.3331464981,-0.208101348,-0.184599469,0.2285602619,-0.052443238,0.1432197266,1,fac3,1
v000061,-0.074322361,-0.055189513,0.0498561948,0.6193460075,-0.147529515,-0.074614358,-0.334624682,0.6872413362,1,fac8,1
v000062,-0.104195247,-0.064625507,0.4356640604,-0.251370949,-0.082861777,-0.067319024,0.2601122484,-0.677296736,1,fac8,-1
v000063,-0.03305468,0.3627852454,0.2527273356,-0.090105963,0.0570291877,-0.169753149,-0.055350829,-0.071292054,1,fac2,1
v000064,-0.197055301,0.1110284485,0.2433140778,-0.065524415,-0.080695517,0.1871270526,-0.246185583,-0.011372072,0,,
v000065,0.0275634436,0.0238041797,0.0437354476,0.8729059274,0.1174556962,-0.186656447,-0.076053225,0.2246030169,1,fac4,1
v000066,0.0101245834,-0.047975199,0.5205832748,-0.283631753,-0.445619739,-0.03683103,0.0245639432,0.2799457387,1,fac3,1
v000067,0.0652149796,-0.365155847,-0.400485966,-0.255749052,-0.437845407,-0.093935183,0.4823377888,-0.27307899,1,fac7,1
v000068,0.2324592037,0.7929136404,-0.648525159,-0.646460475,-0.01141515,-0.562120251,-0.469241998,0.1498103838,1,fac2,1
v000069,0.3204273621,0.2790040221,0.2265246425,-0.214990471,-0.580085242,0.1568551519,0.1590298594,-0.295285276,1,fac5,-1
v000070,0.1147441903,0.2206566027,0.5223602735,-0.308000788,0.1889325961,0.2762795929,0.0805633355,0.0343969259,1,fac3,1
v000071,-0.286613962,0.0517011147,0.2882873727,0.2502903407,-0.087684751,-0.162714126,-0.315065173,0.142926207,1,fac7,-1
v000072,-0.12215009,0.2404331257,0.0660691431,0.0235681443,-0.369865593,-0.051822234,0.0466399901,-0.177141763,1,fac5,-1
v000073,-0.256754522,0.0927707769,0.0996341223,-0.024788004,0.235464223,-0.273646951,0.2875455239,-0.141076306,0,,
v000074,-0.245065973,-0.117198857,0.563054747,0.1505318538,-0.204056959,-0.078247835,-0.255458856,-0.064667753,1,fac3,1
v000075,-0.100370913,0.0634496075,0.2813576282,0.1947885769,-0.166351969,-0.182085521,0.1829277741,-0.378090569,1,fac8,-1
v000076,-0.212133953,0.2526394645,0.1395941347,-0.001148011,-0.045903563,-0.614165728,-0.268158019,-0.170137677,1,fac6,-1
v000077,0.3577337689,-0.585713356,0.3912431216,-0.54222142,-0.682204849,-0.076977347,-0.308282726,-0.602846338,1,fac5,-1
v000078,-0.152789077,0.0415432927,0.018783526,0.0395219452,-0.206398443,-0.040575055,-0.069308755,-0.031742148,0,,
v000079,0.0332736632,0.0171011781,0.0388905477,0.4641598161,-0.118413623,0.0862060731,-0.00632483,0.5690602348,1,fac8,1
v000080,-0.351991604,0.0461658317,0.0094604508,0.0310288758,-0.155615652,0.0164897425,0.0350999407,0.0149585527,1,fac1,-1
v000081,-0.049079687,0.4734948329,0.2177037519,-0.152116981,-0.246788771,0.1782024777,-0.040362582,0.1141714126,1,fac2,1
v000082,-0.427486348,-0.27030567,-0.033279877,-0.598603732,-0.17570388,0.4539271797,-0.746553807,0.5116664271,1,fac7,-1
v000084,-0.53311653,0.0197538744,0.0473912875,-0.085594013,0.2918355246,0.1643628531,0.0544901378,-0.205056899,1,fac1,-1
v000085,-0.226864387,-0.062673337,-0.0115857,0.7797956485,0.0802403024,0.0988789421,-0.158173128,0.1355158092,1,fac4,1
v000086,0.1472802033,-0.046375546,0.0483334512,0.0017221192,-0.629207222,-0.175912753,-0.028896826,0.088395256,1,fac5,-1
v000087,-0.115932371,0.3831040024,-0.068575831,-0.267742331,0.2265435052,0.405818996,0.218700185,0.0803373914,1,fac6,1
v000088,-0.130936525,0.4679815223,-0.146492596,-0.148367846,-0.150780854,0.1718819359,0.1300530502,-0.042690023,1,fac2,1
v000089,-0.242326781,0.1004405147,0.1804702712,0.1327925743,-0.160530281,0.1603337194,-0.011602387,-0.07470434,0,,
v000090,-0.082580107,0.2939685047,-0.136151846,0.1711975008,0.0484947259,-0.037831718,0.4546039758,0.0657340974,1,fac7,1
v000091,-0.259732781,-0.114165515,0.2407766703,0.1667876899,-0.153298982,-0.168453829,-0.079793935,0.0337546309,0,,
v000092,-0.197707405,0.6278196921,-0.126437713,-0.148313097,0.1753578832,-0.243243189,-0.527939685,-0.218271831,1,fac2,1
v000093,0.9467903564,0.5057866748,-0.087933002,0.1647665768,-0.261078012,0.4587677894,0.5189155181,0.6207027808,1,fac1,1
v000094,-0.071571027,0.2798610202,0.1797512116,0.0957728753,-0.369707692,0.4992516455,-0.049655832,0.1222092596,1,fac6,1
v000095,-0.2099135,0.1801903901,-0.065566472,-0.003867762,-0.062309748,-0.61313827,0.1021143516,-0.451733262,1,fac6,-1
v000096,-0.138867082,0.1035916483,0.1878006377,-0.070425868,0.0129319761,0.7309349476,-0.140030083,-0.527617417,1,fac6,1
v000097,-0.056858134,0.032391328,0.1329051306,0.8095663487,-0.017367715,-0.308766089,0.0809375988,0.1296330496,1,fac4,1
v000098,-0.028768181,0.0850061271,0.2442708701,0.3548096244,-0.189428346,-0.54290412,0.065621717,0.0282944577,1,fac6,-1
v000099,0.1196832707,0.372631962,-0.005968227,-0.011853216,-0.19937514,-0.04540145,-0.091908595,-0.013694013,1,fac2,1
v000100,-0.239363042,0.1746383226,0.0583608895,-0.091999509,0.2259620707,0.2809448602,0.3703376533,0.1354987431,1,fac7,1
v000101,-0.177434197,0.0366933198,0.1328405318,-0.204940812,-0.429044575,-0.008112031,0.0389549495,0.1028387472,1,fac5,-1
v000102,-0.302175921,0.196626048,0.057278003,0.1085292663,-0.1623675,0.0244693057,0.1391355636,-0.068651777,1,fac1,-1
v000103,0.1969102569,0.2606157845,-0.207819393,0.1301881082,-0.198645242,-0.956364896,0.0733137945,0.1255546422,1,fac6,-1
v000104,-0.22256576,0.339171062,-0.050942289,0.1011800857,-0.095231095,0.0152946239,0.1202896688,-0.10647919,1,fac2,1
v000105,0.0674095121,-0.756572436,-0.097644319,-0.207266517,1.342506727,-0.08843601,0.3368802293,0.0550540923,1,fac5,1
v000106,0.8529423007,-0.458282071,-0.642825465,-0.214302364,-0.039469237,0.1299946573,0.2789977677,-0.593582266,1,fac1,1
v000107,-0.50372361,-0.163896535,0.0983580616,-0.016296549,0.0986935562,0.2534485962,-0.057947293,0.0106714388,1,fac1,-1
v000108,0.1789082171,-0.247232705,0.9108049237,-0.372643759,0.8175246763,-0.071168535,0.3461329266,-0.053127928,1,fac3,1
v000110,-0.161058165,0.0702373897,0.375767001,-0.546286676,-0.544804578,0.1173854633,0.1646919897,0.046014901,1,fac4,-1
v000111,-0.38356782,0.1782259475,-0.523960184,-0.28821594,0.192921001,-0.195258099,0.8779254481,-0.267788709,1,fac7,1
v000112,-0.045469032,0.4098577586,0.2613312164,0.0293454732,-0.063331234,0.0027156504,-0.071102537,-0.071285774,1,fac2,1
v000113,-0.137496067,0.3413638597,0.0437127534,0.0757018455,-0.005226445,-0.034917654,-0.08744396,0.1705249609,1,fac2,1
v000114,-0.083814382,-0.055998632,-0.147661559,-0.063358287,-0.539359198,-0.136136376,0.1368103091,0.1343087908,1,fac5,-1
v000115,-0.295054236,0.0963273369,0.0806107152,0.2776695307,-0.055175575,-0.355930218,-0.097099713,-0.252204837,1,fac6,-1
v000116,-0.272973979,-0.100193791,0.2585258614,0.3833146316,0.1439281716,-0.148436537,0.0081881653,-0.224580438,1,fac4,1
v000117,-0.213883116,0.0399361221,-0.33266573,0.710145707,0.0166252675,-0.024859895,-0.011844742,0.1767318093,1,fac4,1
v000118,-0.659360519,-0.164058528,0.1806159638,0.0148834741,-0.187884766,-0.139676404,-0.224708693,0.0879132679,1,fac1,-1
v000119,0.0557966243,-0.010610003,0.8662996829,-0.247562882,0.119513169,-0.143512251,-0.05105158,-0.085728441,1,fac3,1
v000120,-0.484804847,-0.069397015,-0.129502602,0.2761107782,0.1091746773,-0.079663968,-0.355509642,-0.404414204,1,fac1,-1
v000121,-0.185133726,0.3520741445,0.1014901392,-0.183629314,-0.075194745,0.0567814864,-0.002251432,-0.000485501,1,fac2,1
v000123,-0.186090561,0.358374302,0.0876314836,-0.183615748,-0.065204296,0.2389655086,0.1625249029,0.0798904938,1,fac2,1
v000124,-0.514832963,0.1613042678,-0.039173458,0.0411856653,-0.119390831,-0.141538084,-0.123430742,0.0738588907,1,fac1,-1
v000125,-0.315849965,0.1061020068,0.2875494199,0.313609158,-0.041546102,-0.099471615,0.0516258206,-0.21411467,1,fac1,-1
v000126,-0.081761843,0.1882190663,-0.058612216,-0.039379114,-0.107226667,0.0613149993,0.1081085028,-0.03214162,0,,
v000127,-0.490010173,-0.065943301,-0.37014889,-0.14288863,-0.20590945,-0.13584839,0.2953475105,0.3431498931,1,fac1,-1
v000128,-0.087864333,-0.314139211,0.4910438023,0.0657456321,-0.114436242,-0.390248073,-0.168908013,0.2140062207,1,fac3,1
v000129,-0.333723813,0.2670623459,0.1105354569,-0.432062765,-0.10220351,-0.061058071,-0.11261328,0.0484402897,1,fac4,-1
v000130,-0.506272394,0.1993852388,-0.09098447,0.0483769612,0.0838404592,-0.162838377,-0.074760617,-0.078428604,1,fac1,-1
v000131,-0.031345391,-0.524134546,-0.108472654,-0.101706083,-0.766857357,-0.470377653,-0.083824887,0.3901771725,1,fac5,-1
v000132,0.0040914103,0.1561542269,0.3936222053,-0.096289145,-0.009486522,-0.01516386,-0.121541149,0.1655021092,1,fac3,1
v000133,-0.465286873,-0.150928124,-0.263907425,0.1542837326,-0.068410504,0.4425308101,-0.038177844,-0.07338058,1,fac1,-1
v000134,-0.129408193,0.2798380058,0.1512868029,-0.429480434,-0.153556748,0.1148703205,-0.127512049,-0.103104282,1,fac4,-1
v000135,-0.220217022,0.0740806372,-0.215961039,0.077233048,-0.104343988,-0.825779202,0.1139239092,-0.321240356,1,fac6,-1
v000136,-0.093268698,0.2223177671,0.1497709725,-0.143644686,0.0453982202,0.0039476123,0.1696306388,0.3445823049,1,fac8,1
v000137,-0.370411838,0.0984924039,-0.069670103,-0.088558391,0.2417552812,0.328172976,0.1551887202,0.0297968071,1,fac1,-1
v000138,-0.048661863,0.4983509073,-0.273337647,0.0796331691,-0.092068196,0.1513469655,-0.012613673,0.1153008916,1,fac2,1
v000139,-0.103794081,-0.009602958,0.447754718,-0.260520573,-0.239769967,0.1539454555,0.1264066475,-0.196123635,1,fac3,1
v000140,-0.140378039,0.0453197421,0.2317971302,-0.536481353,0.066007167,0.3304363154,0.6494922562,0.3059049253,1,fac7,1
v000141,-0.065442442,-0.063498866,-0.073877853,0.1084819316,-0.313286963,-0.070244775,0.2858847826,0.1077180378,1,fac5,-1
v000142,0.019395135,-0.071754699,0.1710171523,-0.126054106,-0.07542518,-0.177325046,0.6588889174,0.0774890079,1,fac7,1
v000143,-0.372526605,-0.287788795,0.2631071539,-0.116793846,0.0519317992,0.1504100075,0.1070075818,0.1356163587,1,fac1,-1
v000144,0.0226632051,0.2690843339,-0.285574687,0.1971028028,-0.138694547,0.4728598371,0.5779748544,-0.020845718,1,fac7,1
v000145,0.5546368011,-0.710134381,-0.422900251,0.0316939876,1.1990755918,-0.121006038,-0.103972706,0.1133569101,1,fac5,1
v000146,-0.267474881,0.4112402433,-0.006546461,-0.03403174,-0.103086152,-0.009253632,-0.135669293,-0.028034893,1,fac2,1
v000147,0.8864202648,0.8466660149,-0.349159645,-0.534148,0.3872751529,-0.347148151,-0.528241183,0.018106606,1,fac1,1
v000148,0.0252874314,-0.358860044,-0.254270542,-0.092201382,-0.091007539,-0.053493468,0.3922661337,0.9960628086,1,fac8,1
v000149,-0.361979825,0.079716663,0.0924429539,0.1568783781,0.0484524672,0.0846020376,-0.075339782,0.1347430782,1,fac1,-1
v000150,-0.105396209,0.0086965826,0.1699027317,0.0718952832,0.1540853521,-0.087469256,-0.056866699,0.1098292341,0,,
v000151,-0.536334936,0.0265852786,-0.161157472,0.2151503965,0.0273808748,0.0466726884,0.1139704584,-0.228721194,1,fac1,-1
v000152,-0.30477905,0.1065386327,-0.111590075,0.5615084071,-0.125344963,-0.098029975,0.13502425,-0.087298877,1,fac4,1
v000153,-0.112681967,0.5402703073,-0.143323452,-0.111398772,-0.036472585,0.1575106522,0.2227648679,0.0015464867,1,fac2,1
v000155,0.1965543604,0.2185897741,0.097397421,-0.164015422,0.2768394734,0.7274801153,0.0194627197,-0.040114869,1,fac6,1
v000156,0.2523329432,0.6390167928,-0.2042527,0.1255839593,-0.145189447,0.2598956494,0.3656823973,0.4042481679,1,fac2,1
v000157,-0.322480211,0.0525920019,0.2847720374,0.1369797417,-0.036681035,0.0577789286,0.001089444,0.0223827449,1,fac1,-1
v000158,-0.232696372,-0.117292115,0.3120572659,-0.393626005,0.2883405177,-0.062928768,0.4813189422,-0.123234305,1,fac7,1
v000159,-0.296305074,-0.153025537,-0.03063177,0.6192820076,0.0104482366,0.0122872475,-0.21469846,0.0316875075,1,fac4,1
v000160,-0.234761989,-0.219148458,-0.304320877,1.0715277127,0.106479676,-0.089448417,-0.432550114,0.1200307139,1,fac4,1
v000161,-0.292979822,0.0841023905,0.0492144705,0.0830694417,-0.317721746,-0.046760233,0.0067088091,0.2213928372,1,fac5,-1
v000162,0.0379542875,0.0724800969,0.328752737,-0.070054087,-0.20895583,0.3695602216,0.0675614269,-0.139129106,1,fac6,1
v000163,0.3680192654,0.0654825997,0.5473248782,0.520438723,-0.147459145,-0.215423641,-0.133853027,-0.216672116,1,fac3,1
v000164,0.6876483655,-0.733932096,-0.599897503,-0.276155307,-0.353651741,0.0541258446,-0.21440621,-0.432288793,1,fac2,-1
v000165,-0.550857188,0.1045498486,0.0809568295,-0.018832842,-0.015632239,0.0347309202,-0.005930472,0.0002041482,1,fac1,-1
v000166,-0.381326505,0.0905678957,-0.29855461,-0.285876277,0.0092414814,0.6813224887,0.1731062952,-0.072741483,1,fac6,1
