_NAME_,Factor1,Factor2,Factor3,Factor4,Factor5,Factor6,loaded,factor,pole
v000001,0.2706302948,0.1239764591,-0.006109259,-0.052956462,-0.094635088,0.1160930642,0,,
v000002,0.4163056092,-0.191252871,-0.268139795,0.0061225307,0.0397355746,0.1157651714,1,fac1,1
v000003,-0.012890576,-0.104108038,-0.040017821,0.1536331721,0.255259129,-0.212419036,0,,
v000004,0.2577651166,0.1577714436,-0.045378112,0.1976981019,0.0276356776,0.1010937314,0,,
v000005,0.2626414451,0.1783213347,0.3276444384,-0.015735768,-0.091140912,0.0848701728,1,fac3,1
v000006,-0.000690916,0.3518686951,0.4262630087,-0.188364006,0.1108634548,0.2014630753,1,fac3,1
v000007,-0.139955058,0.2426792137,-0.202438765,-0.167297725,0.145085823,0.0633569219,0,,
v000008,0.0378597716,-0.035834266,-0.108961124,-0.06442351,0.5039462991,-0.025186339,1,fac5,1
v000009,0.4749950396,0.0275183395,-0.14230096,-0.185503926,0.0128710073,0.2241786401,1,fac1,1
v000010,0.2694123401,0.1426887037,0.1877341571,-0.118546176,0.0659570478,0.1339577016,0,,
v000011,-0.302332324,0.2976455837,-0.189070531,-0.099405958,0.0211769016,0.2183049998,1,fac1,-1
v000012,0.3402662388,0.0774873796,-0.1228287,-0.045470948,0.0511352018,-0.083979177,1,fac1,1
v000013,0.2039681522,0.3624416145,-0.031763107,-0.005699241,-0.074474804,-0.041622754,1,fac2,1
v000014,0.0547371796,0.3436020715,0.5499505452,-0.054175253,-0.146192667,-0.028765247,1,fac3,1
v000015,-0.069609276,0.0335883104,0.0278722133,0.1166768917,0.0020573216,1.0395731687,1,fac6,1
v000016,0.3002352039,-0.05181603,0.6402564158,0.0509408834,-0.274795386,0.2965996481,1,fac3,1
v000017,0.0794290669,-0.125924802,-0.139783072,-0.309031402,0.3408180183,0.1644635259,1,fac5,1
v000018,0.3205516175,0.3135559395,0.0643853252,-0.114659122,0.0765311761,0.1386631425,1,fac1,1
v000019,0.4555597037,0.0721580125,0.159883288,-0.116431592,-0.04024931,0.0024010927,1,fac1,1
v000020,-0.294765905,-0.599436131,-0.27475071,1.0442297738,-0.28992616,-0.000669577,1,fac4,1
v000021,-0.486681265,0.4308736448,0.0032147322,0.4955381002,0.0819080934,0.3218070461,1,fac4,1
v000022,-0.005873162,0.5165207474,0.0355208512,0.5984252665,-0.045704482,0.0960020564,1,fac4,1
v000023,0.2384274983,-0.002446951,0.6142055644,-0.204679692,0.2418721787,-0.038388382,1,fac3,1
v000024,0.1323273596,-0.099049381,-0.192600148,0.5245502948,0.0544563398,-0.097044358,1,fac4,1
v000025,-0.304671201,0.0069810549,-0.311164101,0.0235959703,-0.16737112,-0.072477171,1,fac3,-1
v000026,0.3461751651,-0.175910853,0.0246300776,0.46949343,0.1077220455,-0.130455104,1,fac4,1
v000027,0.2730680432,0.2212185828,0.2389963798,-0.230635767,0.2719673176,-0.150394694,0,,
v000028,0.3246133908,0.2086538976,-0.045210263,-0.132124531,0.0015076387,-0.063096549,1,fac1,1
v000029,0.194255025,-0.400190473,-0.128978133,-0.032167232,-0.234838593,-0.21037478,1,fac2,-1
v000030,-0.10865369,0.7605063193,0.3476236234,0.0761873701,-0.161635841,-0.148388381,1,fac2,1
v000031,0.329638077,0.085959248,-0.222407683,-0.12419392,0.0000199326,-0.247758726,1,fac1,1
v000032,0.2716341693,0.0773077206,-0.252685759,0.0360873706,0.1184718228,-0.00948525,0,,
v000033,-0.177443562,0.3928069773,-0.151253398,0.0233277259,0.0455399029,-0.076653748,1,fac2,1
v000034,-0.085611549,0.2388571748,-0.084495118,0.4323400475,0.4328970131,-0.318865417,1,fac5,1
v000035,-0.24788583,0.4378967476,-0.105069202,0.3733212901,0.3560298316,-0.256480081,1,fac2,1
v000036,0.4008862559,0.0007180705,-0.129351946,0.6333611508,-0.102749128,-0.194121854,1,fac4,1
v000038,0.3781114045,0.1242464604,-0.248502876,0.4168441686,0.0431608974,-0.128946481,1,fac4,1
v000039,0.1897395671,-0.015947322,-0.109676794,0.1998363799,-0.073014165,0.3233301902,1,fac6,1
v000040,0.4931510139,-0.15800978,0.0936596263,0.2984509913,-0.172175537,-0.041258019,1,fac1,1
v000041,-0.118477779,-0.342595492,-0.267269966,-0.149343981,0.3758612773,0.5758017439,1,fac6,1
v000042,0.3522566132,0.3152237641,0.0102220733,0.1405179821,-0.185826151,0.1502579329,1,fac1,1
v000043,0.3275594019,0.1901593848,0.0137976655,-0.123294571,0.0267844632,0.183590342,1,fac1,1
v000044,0.2902160943,-0.047646082,0.069013686,-0.010645513,-0.082323479,0.0519502811,0,,
v000045,0.471857577,-0.234702774,-0.07689569,0.3422359173,0.0339217793,-0.063014615,1,fac1,1
v000046,-0.074011182,0.5701905826,-0.148040103,0.1778379084,-0.25750026,-0.364386612,1,fac2,1
v000047,0.0668416773,0.3351181847,0.0086393864,0.3481463363,-0.285764384,0.3396166941,1,fac4,1
v000048,0.4395714844,0.2120314601,-0.008358954,-0.104159302,-0.064405075,-0.029756198,1,fac1,1
v000049,-0.291029746,-0.497733218,-0.36940804,-0.290020448,-0.062799776,-0.019287801,1,fac2,-1
v000050,0.4868054084,-0.073900661,-0.152150493,0.1177051999,-0.282658014,-0.072101659,1,fac1,1
v000051,0.2771189519,-0.140397976,-0.105006065,-0.026144687,0.1729707916,0.1496886891,0,,
v000052,0.3028299365,0.1394351372,0.0201852773,-0.187291351,0.1280495499,0.131685888,1,fac1,1
v000053,0.0573031237,-0.191899956,-0.07586025,-0.066715721,0.5586418501,0.7434568852,1,fac6,1
v000054,0.0693197652,0.2479222549,0.3145391012,-0.119865609,0.1270045938,0.1747897952,1,fac3,1
v000055,0.0848570344,-0.225914745,-0.186403121,0.0326282267,-0.123251323,-0.173285402,0,,
v000056,0.3465075277,0.1514201361,-0.065170538,-0.098280554,0.1193248128,0.1064992091,1,fac1,1
v000057,0.3024904236,0.0346149974,0.0888802031,-0.072047737,0.2886385274,0.110260559,1,fac1,1
v000058,0.4476004154,-0.070672432,-0.025186205,0.0447329334,0.059663361,0.0362549423,1,fac1,1
v000059,0.3278809385,-0.176330125,-0.016881974,-0.145328332,0.5621919188,-0.15077752,1,fac5,1
v000060,0.3308927766,-0.025463842,-0.025945091,0.1293236253,0.1327041929,-0.035040338,1,fac1,1
v000061,-0.002156147,-0.359431923,0.9091351158,0.2397953748,0.1906208025,-0.069995321,1,fac3,1
v000062,0.4497855702,-0.148607751,-0.015403494,-0.245153168,0.1490058288,0.1700184629,1,fac1,1
v000063,0.3288011885,-0.344654584,-0.054056487,-0.048332313,0.1702747977,0.4493472477,1,fac6,1
v000065,-0.274193583,-0.271277801,-0.266983392,0.8376563999,-0.181994213,-0.093673167,1,fac4,1
v000066,0.0592602055,0.4932223103,-0.057079295,0.0888958826,-0.040822574,0.0409732326,1,fac2,1
v000067,-0.051000788,-0.136570377,0.0779897754,0.9397813533,0.2274794031,0.4732515268,1,fac4,1
v000068,0.1119218775,0.2469042362,0.0035806212,-0.078417453,0.0478038022,0.4964835528,1,fac6,1
v000069,0.1130931118,0.3139014588,-0.080571118,0.1212126985,0.0659030441,0.0801452785,1,fac2,1
v000070,0.1962074383,-0.237300441,0.2338767365,0.5151228869,0.4550597584,0.2648621687,1,fac4,1
v000071,0.2679485342,-0.182041369,0.0548386498,0.0554001054,0.0969899483,0.1144051421,0,,
v000072,0.3232165893,-0.158467372,0.0990216141,-0.216853215,-0.056267192,0.3852763752,1,fac6,1
v000073,0.2129340291,-0.241817901,-0.195979092,-0.032269536,0.2396997805,-0.027088689,0,,
v000074,0.0293355275,0.0267881065,-0.256129014,-0.474896019,-0.172134998,0.3225596666,1,fac4,-1
v000075,-0.658038465,0.3203176905,-0.105794395,-0.076790816,0.2244021905,-0.102815801,1,fac1,-1
v000076,0.4754985038,-0.121630868,0.3057295572,-0.058162215,-0.026769575,-0.04764078,1,fac1,1
v000077,0.5754559614,-0.025112644,-0.134336183,-0.044314259,-0.129248305,-0.372003617,1,fac1,1
v000078,0.28062179,0.033971372,0.1137236304,-0.042823069,0.2463154828,0.1198829655,0,,
v000079,-0.139168039,-0.134283596,0.0289091888,0.200222389,0.0860714485,0.4859342958,1,fac6,1
v000080,0.0408470165,0.4279631477,-0.008263567,-0.010633802,-0.07658856,0.0100903624,1,fac2,1
v000081,0.3207486283,0.1489375223,0.2312126311,0.004794802,0.0485952242,0.0938534652,1,fac1,1
v000082,0.294416867,0.1856644841,0.0342992522,-0.002505326,0.1464018755,0.0452641927,0,,
v000083,0.4092496758,0.263439743,0.1297170345,-0.011401113,-0.047786505,-0.078084839,1,fac1,1
v000084,0.5408631829,-0.013558049,0.0896857242,0.2251409004,-0.243327642,-0.017594772,1,fac1,1
v000085,0.2060760486,0.0419061746,0.0919515783,0.1179396504,0.0466071533,0.0059362124,0,,
v000086,0.3410618353,0.0415890851,-0.18927637,0.1700317118,0.0462551085,0.0316366536,1,fac1,1
v000087,0.1738417004,0.4387002609,-0.144259763,-0.194774485,-0.035515267,0.2150834467,1,fac2,1
v000088,0.2742146967,-0.020986007,-0.17100687,0.0513572053,0.1819765454,0.0587499433,0,,
v000089,0.1905913017,0.2749922653,0.1644651647,0.1567806011,0.2499067026,-0.039723397,0,,
v000090,0.2361520714,-0.004495372,-0.077043497,-0.467810156,0.2026623531,0.3683484911,1,fac4,-1
v000091,0.0712663791,-0.084002882,0.6009376483,-0.41975514,-0.163564386,0.3913183507,1,fac3,1
v000092,0.3081452104,-0.165478305,-0.094907259,-0.434928104,-0.255066929,0.1845587259,1,fac4,-1
v000093,-0.051508265,-0.182659136,0.7263068906,-0.404057478,-0.194823209,-0.127736927,1,fac3,1
v000094,0.4193970004,-0.122858813,0.0211712099,0.0616276835,0.1323652858,0.1324807539,1,fac1,1
v000095,0.26809501,-0.087976361,0.1596420639,-0.185685131,0.2937341249,0.1957291827,0,,
v000096,0.2849173708,-0.038147806,0.0327965732,0.0222814463,0.1363352493,0.1301365625,0,,
v000097,0.2956555717,0.1498807476,-0.042759996,-0.289358028,-0.040209889,0.2427533958,0,,
v000098,0.0188965996,0.191432484,0.1008427298,-0.200083916,0.071013176,0.2415900697,0,,
v000099,0.2851593871,0.1285712694,-0.031309822,0.0842519873,0.0366709388,0.0625758678,0,,
v000100,0.3815475721,0.2847965391,-0.099626527,0.2288965071,-0.388870871,-0.219337336,1,fac5,-1
v000101,0.3618113309,0.2073996471,-0.086843371,0.2042013627,-0.310053553,-0.153709071,1,fac1,1
v000102,-0.326966501,-0.049103277,0.0166838112,0.2601854569,0.7942287196,-0.018982377,1,fac5,1
v000103,-0.554706873,-0.502584352,0.8524532244,-0.171170883,-0.282842698,-0.154441282,1,fac3,1
v000104,-0.396173843,-0.308659721,0.9057579405,0.0287070983,-0.119312825,-0.075579949,1,fac3,1
v000105,0.0455285242,0.157594641,-0.134385973,-0.19203822,-0.192470128,-0.069754866,0,,
v000106,0.2486741913,0.2801684203,0.0013669588,-0.034956777,-0.137475205,0.0549844674,0,,
v000107,-0.064447745,0.1288364528,0.0068451023,0.3858723561,0.0191469874,0.1376924175,1,fac4,1
v000108,0.1680675594,0.1175630609,-0.159230906,-0.015324822,-0.044689987,0.1156344064,0,,
v000109,0.3163716392,0.0100954064,-0.074593552,0.151708608,0.1010884581,0.1094985406,1,fac1,1
v000110,0.1086339869,0.4904281797,-0.073058281,0.095279379,-0.115206033,-0.029531018,1,fac2,1
v000111,0.4418211697,0.3192849306,-0.160496067,-0.360315446,-0.144518181,0.0877315953,1,fac1,1
v000112,0.4521764023,-0.023755517,0.0800519414,0.2973236831,0.2321045036,-0.098192271,1,fac1,1
v000113,-0.229721799,-0.371477085,1.0672506487,0.1190122663,-0.234860322,-0.174398256,1,fac3,1
v000114,-0.019732238,0.1264941418,1.0360656457,-0.090547795,0.0476852264,-0.150818681,1,fac3,1
v000115,-0.238885199,0.5960934028,-0.01828823,0.3542569519,0.1784155383,-0.161934025,1,fac2,1
v000116,-0.540701078,-0.053849266,-0.196798101,-0.128522633,0.1483966529,-0.107958618,1,fac1,-1
v000117,-0.373743651,-0.576596308,-0.270775192,-0.160585781,-0.302998473,-0.380619894,1,fac2,-1
v000118,-0.08572202,-0.372644589,-0.289898182,0.047900339,0.0064086043,0.4775073202,1,fac6,1
v000119,0.1018193343,0.0843321652,0.3187956437,0.0199604292,0.5203430683,-0.061346165,1,fac5,1
v000120,0.0349781172,-0.270099012,-0.406680541,-0.454378993,0.435930415,0.1283786914,1,fac4,-1
v000122,-0.550148648,0.5875217376,-0.160063723,0.7399047487,0.2435608857,-0.169581108,1,fac4,1
v000123,-0.321981877,-0.215866638,0.7899633722,0.0848025826,0.0472232323,-0.061899847,1,fac3,1
v000124,0.3623475703,0.0865682614,-0.069976678,0.1593992491,-0.167004744,0.0530680589,1,fac1,1
v000125,-0.231183912,-0.240774156,-0.438891765,0.1081116734,0.090124467,-0.279714694,1,fac3,-1
v000126,-0.287532227,-0.137327322,0.2921045652,0.3148125473,0.5434925825,-0.110454261,1,fac5,1
v000128,0.1519702001,0.1437998749,0.1742513588,0.7896061047,0.2481521846,-0.195133956,1,fac4,1
v000129,0.1870090767,0.1508431368,-0.127845562,0.1501941466,0.0137817211,-0.043784575,0,,
v000130,0.2133246453,-0.148275561,0.761315881,-0.046284845,0.0186425036,-0.169310807,1,fac3,1
v000131,0.1810505345,-0.041380269,0.9546852464,-0.013599176,-0.09814399,-0.187108024,1,fac3,1
v000132,0.2145091242,-0.178003667,1.0393527699,-0.017890906,-0.002001955,-0.203341418,1,fac3,1
v000134,0.0225339305,0.3296281493,0.2184890314,-0.081360531,0.2827408266,0.2545075396,1,fac2,1
v000135,-0.021654354,-0.393219987,0.1373232637,-0.23436742,0.3459210733,0.1567300919,1,fac2,-1
v000136,0.1283886095,0.4567849677,0.4141543993,0.0887009612,0.0160781959,-0.079458348,1,fac2,1
v000137,0.2514187334,0.2975930796,-0.029146962,0.5375237313,0.0803419644,0.0381162094,1,fac4,1
v000138,0.0510496134,0.6031321092,-0.03469688,0.1233157465,0.0777501667,0.0864294356,1,fac2,1
v000139,-0.109156135,0.5832210684,-0.134155006,-0.065342867,-0.028007735,0.5158937057,1,fac2,1
v000140,0.19962731,0.3742987946,0.005622474,-0.19845249,-0.140088145,0.3028126013,1,fac2,1
v000141,-0.169690636,-0.241544659,0.930782932,0.1155873975,-0.052722174,0.2820041526,1,fac3,1
v000142,0.4233581526,-0.346200539,-0.22767985,0.2854084389,-0.064864667,0.2784158079,1,fac1,1
v000143,-0.153386092,-0.091324885,0.5297630387,0.0055903778,0.7219865147,0.0383413631,1,fac5,1
v000144,0.2859232703,0.0168450355,-0.089098951,0.1739645685,-0.078499998,0.7652302839,1,fac6,1
v000145,0.2383713767,-0.363500838,-0.238517788,-0.005709809,-0.37404584,-0.082893701,1,fac5,-1
v000146,0.514241304,-0.088807915,-0.127139909,0.1634189186,-0.021590184,-0.053000434,1,fac1,1
v000147,-0.462616518,0.5893759251,-0.188382797,-0.46972094,-0.098264937,0.3063158,1,fac2,1
v000148,-0.062538905,-0.414421375,0.2986414623,0.4162892833,0.0535126752,0.3372280179,1,fac4,1
v000149,0.2421052001,0.3160418768,0.1754400799,-0.090037023,-0.412882884,-0.00306479,1,fac5,-1
v000150,-0.206388554,0.780770345,-0.113487397,-0.14561484,-0.204511711,-0.124516096,1,fac2,1
v000151,0.1621444206,-0.19389091,0.1652266795,-0.042283481,0.6653796647,0.3360604391,1,fac5,1
v000152,0.4508315245,-0.268000002,0.2986198151,0.0263835905,0.2748885683,-0.066785014,1,fac1,1
v000153,0.3336126076,0.0843670296,-0.089113257,0.1420563332,0.073955067,0.0911834791,1,fac1,1
v000154,0.4668153752,0.0724851678,0.312377941,-0.30846539,-0.192826336,0.0830149096,1,fac1,1
v000155,-0.146132608,0.5629120805,0.0356998938,0.0325680207,-0.298995288,-0.205824058,1,fac2,1
v000156,0.5015209571,0.0604347749,-0.017074877,-0.054934174,-0.019882471,0.1122277475,1,fac1,1
v000157,-0.397111074,0.8048424819,-0.128150127,-0.308511114,-0.13392622,0.3857104155,1,fac2,1
v000158,0.3023129245,-0.112743465,0.3681499742,0.0950378604,-0.221197749,-0.001952272,1,fac3,1
v000161,0.3522287785,-0.077506657,0.5291898964,0.4565559651,-0.130273967,-0.311935305,1,fac3,1
v000162,0.4122700919,-0.273796091,-0.221417721,0.1253450797,-0.059024821,0.3565452383,1,fac1,1
v000163,0.3182196503,0.1304713055,-0.055617445,0.3698616124,-0.248361783,0.0845582727,1,fac4,1
v000164,0.2522874792,0.0828380731,0.0142030817,-0.06974748,0.1496678792,-0.086485266,0,,
v000165,0.1337875991,-0.492662244,-0.252375934,0.177758339,-0.084601828,-0.351690407,1,fac2,-1
v000166,0.2420381494,-0.063308562,-0.265044555,0.0630821645,-0.099133382,0.2238449785,0,,
v000167,0.0620176776,0.4700327114,-0.088606917,-0.004643466,-0.356657328,-0.304732274,1,fac2,1
v000168,0.0773511871,0.6639351819,-0.09588429,-0.077331561,-0.178240661,-0.097879746,1,fac2,1
v000170,0.1027850213,-0.519213318,-0.009018056,0.8380122065,0.0068702425,-0.030626496,1,fac4,1
v000171,0.1725846655,-0.195633959,-0.129805049,-0.182784327,0.3246481398,-0.367308315,1,fac6,-1
v000172,0.2923596325,-0.057043341,-0.345240353,-0.495376138,0.3912305925,-0.082354285,1,fac4,-1
v000173,0.2431875471,-0.019164571,-0.108387628,-0.167207029,-0.006607582,0.0536214287,0,,
v000174,0.5760681345,-0.336498095,0.1116519382,0.0282574122,-0.233496382,-0.047088278,1,fac1,1
v000175,0.0405550154,0.396987764,-0.049484033,0.1313434362,0.5819792401,0.0298375449,1,fac5,1
v000176,0.1306437784,-0.276766795,-0.118916483,-0.295123634,-0.274281139,0.2565101547,0,,
v000177,0.2414828945,-0.146561958,0.5289473214,-0.224177271,0.2378981463,0.1732586675,1,fac3,1
v000178,-0.387441812,0.027750008,0.8342604642,-0.026544271,-0.018255929,0.0927786777,1,fac3,1
v000179,-0.113593098,-0.323838247,0.7064936599,0.0453733255,-0.227122101,-0.021498965,1,fac3,1
v000181,0.1626111481,-0.140631522,-0.188824084,-0.009464595,0.6534505475,0.0211312216,1,fac5,1
v000182,0.3067714787,-0.080185475,0.1172114932,-0.070784243,0.6578431759,-0.182417856,1,fac5,1
v000183,-0.210314229,-0.44751335,-0.307169931,-0.091187846,-0.27062713,-0.161301812,1,fac2,-1
v000184,0.0939757889,0.3935188654,-0.019676456,-0.169386859,0.1955081391,-0.063806944,1,fac2,1
v000185,0.145637078,0.0275636667,-0.38766729,-0.175168973,-0.025327151,0.1507571758,1,fac3,-1
v000186,0.1480693573,0.1437116114,-0.125761766,-0.350888825,0.2734491595,0.08525256,1,fac4,-1
v000187,-0.030406277,-0.392879261,0.0147470106,-0.0721673,-0.023845519,0.4151128944,1,fac6,1
v000188,0.0237675585,-0.262653427,0.1234991086,0.0393594943,-0.007149543,1.3373973083,1,fac6,1
v000189,0.6363391533,-0.024308883,-0.10193373,-0.324941852,-0.41013082,-0.164526559,1,fac1,1
v000190,0.3004427667,0.1800968226,0.0038701953,-0.122429497,-0.167548217,-0.025603139,1,fac1,1
v000191,-0.119983605,0.0018822276,0.1206611639,-0.159679065,0.0636198506,0.2701099527,0,,
v000193,0.4054720966,-0.071619178,-0.152439223,-0.087856832,0.0234280465,0.1224222065,1,fac1,1
v000194,0.2885908026,0.0662244726,-0.169257315,-0.21640077,-0.060635629,-0.04023749,0,,
v000195,0.1532155286,0.0486538942,-0.129318351,-0.284248136,0.3317277792,0.1369128694,1,fac5,1
v000196,0.3976299857,0.2349201485,-0.045721302,-0.281934324,-0.153974113,0.0020985607,1,fac1,1
v000197,0.32277295,0.1326855379,-0.126473593,-0.190154662,-0.024930389,-0.077477394,1,fac1,1
v000198,0.4208278671,0.0716230621,-0.043202971,0.1191095678,-0.050343526,-0.073710674,1,fac1,1
v000199,0.2058401651,0.4372354137,-0.06189579,-0.070236574,0.0233299396,-0.022181028,1,fac2,1
v000200,0.0553063427,0.0824542621,0.7832198931,-0.160707551,-0.13261062,0.055421058,1,fac3,1
v000201,0.3349488363,-0.019425554,0.215586965,0.191053826,0.2558159691,-0.15588001,1,fac1,1
v000202,0.1627156823,0.2534561377,-0.068005451,-0.337355805,-0.209416513,-0.160369758,1,fac4,-1
v000203,0.5647988081,0.0588636896,0.0409919832,-0.041670532,-0.063614275,-0.10811038,1,fac1,1
v000204,0.3425852018,-0.003710015,0.1823344367,0.0457383382,0.0171512095,0.1059726673,1,fac1,1
v000205,0.3395389424,0.1485794245,-0.101638876,-0.085131481,-0.182838602,0.6070502782,1,fac6,1
v000206,0.2160993719,0.2116638123,-0.12067937,-0.029335093,0.0635926601,0.0431503385,0,,
v000207,0.4153200915,0.06120937,0.0111828774,-0.05238254,0.0245879788,0.0959087732,1,fac1,1
v000208,0.5008140246,-0.010731423,-0.043365655,0.0853081504,0.0645525066,-0.113435789,1,fac1,1
v000209,-0.243320795,-0.39428704,-0.327425749,-0.151541206,0.0876623847,-0.413571385,1,fac6,-1
v000210,0.090621585,-0.178217466,-0.115626135,-0.122186144,-0.433043987,0.1685727382,1,fac5,-1
v000211,0.3076439169,0.3004057285,-0.057396365,-0.370716124,-0.171689213,0.1954824353,1,fac4,-1
v000212,0.0069058087,0.3674866553,0.4017338477,0.2805303529,0.2439660317,0.0389849308,1,fac3,1
v000213,0.0048593448,-0.19926082,0.0755092711,0.1066255516,0.6877281313,-0.26777932,1,fac5,1
v000214,0.493596877,-0.081337993,-0.207298132,0.0291165107,-0.058182862,0.0660088171,1,fac1,1
v000215,-0.042488902,-0.420628587,-0.286041085,0.0471560934,-0.007422274,-0.166764856,1,fac2,-1
v000216,0.3167627353,-0.101569089,-0.261850759,0.0440748292,0.0783383082,0.1720678753,1,fac1,1
v000219,0.4196398645,-0.027976151,-0.260579998,-0.06137237,0.045257751,-0.00789488,1,fac1,1
v000220,0.3328422351,0.176881837,-0.007468667,0.0189458869,0.088524982,0.0375341547,1,fac1,1
v000221,0.0837355934,-0.070667515,0.8496562053,0.0264938656,0.1496787371,0.1873822421,1,fac3,1
v000222,0.4140880724,-0.027022413,-0.081610072,-0.152794879,0.1803983691,0.0506561008,1,fac1,1
v000223,0.1083329287,0.0934240834,0.2821212494,0.0199234282,0.2304970834,0.2265473813,0,,
v000224,-0.364399431,0.6936785187,-0.07103873,0.0345900761,-0.117761769,-0.007850228,1,fac2,1
v000225,-0.02406322,-0.291231287,-0.062071798,-0.029347792,-0.126929967,1.2478143403,1,fac6,1
v000226,0.291190767,-0.016710704,-0.023828287,-0.046982345,0.0770260096,0.1304788617,0,,
v000227,0.5118679167,-0.016575118,-0.106794535,0.032020031,0.1850292093,-0.061164621,1,fac1,1
v000228,0.127688136,0.3095495425,-0.177801504,-0.283582497,-0.261162522,0.0704932805,1,fac2,1
v000229,0.3651061544,0.2126314265,0.0180661942,-0.302271867,-0.222228872,0.1178277776,1,fac1,1
v000230,0.0326749251,0.5132060915,0.7209615701,0.1137300406,-0.052432602,-0.181542237,1,fac3,1
v000231,0.2749728233,0.2011937127,0.2550965643,0.079217814,0.1142093573,0.1204051705,0,,
v000232,0.0947487734,0.1159437067,0.6383135128,0.0229578307,-0.067123494,-0.211682236,1,fac3,1
v000233,-0.073549153,-0.215786158,0.671363833,-0.042543273,-0.124337516,-0.06599037,1,fac3,1
v000234,0.5566937102,0.0965306502,-0.083993463,0.2535358227,-0.224282269,-0.034470926,1,fac1,1
v000235,0.44176919,-0.388836261,0.0723079848,0.1482572645,-0.393185102,-0.018344243,1,fac1,1
v000236,0.2102043721,0.0859738168,0.6712672099,-0.159445603,0.028355662,0.0966462337,1,fac3,1
v000237,-0.157041594,0.3166241474,-0.098700978,-0.343750593,0.0048560611,0.4199117037,1,fac6,1
v000238,0.3865837038,0.1427944204,0.11764977,-0.197765013,0.0009380184,0.1660761035,1,fac1,1
v000239,0.37232327,-0.144962264,-0.221314071,-0.13824699,-0.120111522,-0.158928556,1,fac1,1
v000240,0.1801353358,0.0212524912,0.590771991,-0.089779035,-0.153452412,0.2181874117,1,fac3,1
v000241,0.1677405255,-0.064217565,0.1895421573,-0.449631594,-0.194497894,0.1717221456,1,fac4,-1
v000242,0.2972874967,0.4144007128,0.0641020864,-0.164352255,-0.04912668,-0.085293144,1,fac2,1
v000243,0.2655583609,-0.160977585,0.4470643245,-0.194579737,-0.010621144,0.3359293782,1,fac3,1
v000244,0.1755071828,0.3032967568,-0.197458077,0.0212508223,-0.138872417,-0.074320165,1,fac2,1
v000245,-0.131857544,0.766205761,-0.060145206,-0.186730416,-0.055436909,0.2363516884,1,fac2,1
v000246,0.0259805743,0.5886744962,-0.077494801,0.0476768485,-0.052841838,0.1474321829,1,fac2,1
v000247,-0.084398297,-0.225061944,0.0690530027,-0.156004746,0.7192359111,-0.147751121,1,fac5,1
v000248,0.2210737192,-0.131250048,0.3825184298,-0.125432987,-0.079851009,-0.052589338,1,fac3,1
v000249,-0.530819194,0.0273252802,0.1012381252,0.2940054894,-0.170051172,-0.319503707,1,fac1,-1
v000251,-0.005698167,0.1667904121,-0.300718703,-0.116452755,-0.12792483,-0.096481868,1,fac3,-1
v000254,-0.706677224,-0.161340026,-0.327753913,-0.015131282,-0.39241323,-0.330558709,1,fac1,-1
v000255,0.2944679471,0.140440478,0.0290045392,0.0279663324,0.1564032611,0.0249069379,0,,
v000256,-0.048614584,-0.447366806,0.9695255479,-0.103520914,0.0329719121,-0.021233819,1,fac3,1
v000257,-0.036806733,0.5356698895,-0.052358892,-0.217995246,-0.193143575,-0.145933206,1,fac2,1
v000259,0.3018278752,0.185686739,0.0861787232,0.0762608759,0.0719118727,0.1259948759,1,fac1,1
v000260,-0.472341143,-0.076721669,-0.292916516,-0.323098683,-0.290175917,-0.061343775,1,fac1,-1
v000261,0.3135441038,0.2478932088,0.1560353003,0.0681583968,-0.118690094,0.2362566879,1,fac1,1
v000262,0.4227211084,0.2118965025,-0.153080998,0.0025142131,-0.130546893,-0.207286147,1,fac1,1
v000263,0.1503592907,0.103066306,0.3022163895,-0.042308872,0.1224802313,0.1429002469,1,fac3,1
v000264,0.254990532,0.2184778171,0.0472206289,0.1342250711,0.2146241318,-0.11724498,0,,
v000265,-0.252467703,0.7114753273,0.0390830321,0.3760602915,0.3698554822,-0.168504041,1,fac2,1
v000266,0.3435633619,-0.026286247,0.2015128404,-0.010468556,0.192702251,0.3212507451,1,fac1,1
v000267,-0.502570527,-0.50499761,-0.209901838,-0.12323555,-0.276534939,-0.320484223,1,fac2,-1
v000268,-0.735683951,-0.544069069,0.4624738995,-0.23272238,-0.175993204,-0.187249277,1,fac1,-1
v000269,-0.209690833,-0.19123734,0.7238028969,-0.065071736,-0.093639064,-0.185392764,1,fac3,1
v000270,0.1466432731,0.0257249779,0.0355872947,-0.012681082,0.24176098,0.1394474206,0,,
v000271,0.493441686,-0.107385579,-0.232597812,0.0701008374,-0.046407125,0.0987991893,1,fac1,1
v000272,0.2021120737,0.0600733481,0.4663994007,0.0083075226,-0.079746345,0.1044722569,1,fac3,1
v000273,0.3705608994,-0.07885177,0.0014023638,-0.152347602,-0.039949741,0.0136641137,1,fac1,1
v000274,0.4293693677,-0.062684857,0.1619852141,0.0695443143,0.0248672571,0.0716411692,1,fac1,1
v000275,0.5845421596,0.1311885129,-0.033630344,-0.046338021,-0.094159339,-0.16219737,1,fac1,1
v000276,-0.473946868,-0.406027365,-0.244030175,0.0134089633,-0.164859655,0.9368202758,1,fac6,1
v000277,-0.51398025,-0.348236903,-0.297619259,-0.045022051,0.0802419686,-0.316149884,1,fac1,-1
v000278,-0.199501671,-0.000447167,-0.265622534,-0.129196274,0.2897903051,-0.394087161,1,fac6,-1
v000279,-0.219693632,-0.328427285,0.5652464541,0.1389340989,-0.058628822,0.1508083285,1,fac3,1
v000280,0.3734565445,0.0171015843,0.1116145633,0.1346494784,0.0823416705,0.0441867961,1,fac1,1
v000281,0.1088564502,0.3477792644,0.0560299852,-0.032150518,-0.204899516,-0.409754758,1,fac6,-1
v000282,0.1017509339,0.4912118172,0.1008104139,-0.023863119,-0.018547346,0.0141104265,1,fac2,1
v000283,0.381987833,-0.317789118,-0.109901321,0.0558376355,0.0596482287,0.0651054472,1,fac1,1
v000284,0.0465087162,0.4230773958,-0.140777342,-0.167640443,0.4192937896,-0.08721313,1,fac2,1
v000285,0.3528211043,0.1840695133,-0.147099924,-0.234143061,0.2188247065,0.0608222547,1,fac1,1
v000287,-0.362286545,-0.048885927,-0.241156627,-0.214218149,-0.324279676,-0.193673036,1,fac1,-1
v000288,0.1817234506,0.1626324015,0.252949589,0.1487425129,0.1452798486,0.0390207755,0,,
v000289,0.1345171171,0.1566763698,-0.153304919,-0.414525156,0.0107860416,0.2039886855,1,fac4,-1
v000290,0.1867109719,0.3221893043,-0.066204321,-0.211814224,0.1389814874,0.2716175201,1,fac2,1
v000291,0.3871614139,0.0257431697,-0.173038729,0.1607141428,-0.324386603,-0.274339418,1,fac1,1
v000292,0.7957506337,-0.004181437,-0.025686231,0.0129521425,-0.059309587,-0.216005285,1,fac1,1
v000293,0.4890461824,-0.021289432,0.0255189071,0.0518163858,-0.013272615,-0.070222788,1,fac1,1
v000294,-0.144938331,0.1803255328,-0.220919705,0.2429838511,-0.003045079,-0.178884964,0,,
v000295,0.2134622049,0.0677283184,-0.074613072,-0.01031468,0.107389529,0.0442402468,0,,
v000296,0.3793859995,0.2395299537,-0.102279143,0.0672124866,-0.110069274,-0.085082384,1,fac1,1
v000297,0.2351753694,-0.219507092,-0.257397878,-0.087616139,0.2590753524,0.3186562996,1,fac6,1
v000298,0.3991363308,0.2820948407,0.1898100832,0.1631716878,-0.36358127,-0.019176329,1,fac1,1
v000299,0.3335588519,0.2084332652,-0.246820727,-0.048912108,0.0167443394,0.0963728132,1,fac1,1
v000300,0.2773623266,0.1172254115,0.1040323433,0.0722685665,-0.140040226,0.0077903197,0,,
v000301,-0.214382853,0.6400041157,0.0531265976,-0.116742684,-0.061628266,-0.054324482,1,fac2,1
v000302,0.0503311163,0.5074908577,-0.114984586,0.0553291424,-0.150369966,-0.000471581,1,fac2,1
v000303,0.344430218,0.0055479042,0.2271123579,0.004782743,0.0290944357,-0.009174664,1,fac1,1
v000304,-0.115556888,0.5869664789,-0.154864692,-0.10549313,-0.141539931,-0.385182209,1,fac2,1
v000305,0.423544118,0.1479577354,-0.117910073,-0.062017049,0.0289319401,-0.028379527,1,fac1,1
v000306,0.3606874202,0.0831838731,-0.134687128,0.0978358651,0.0154586421,0.0128620363,1,fac1,1
v000307,0.355039085,0.3605757793,-0.001694785,-0.225112464,-0.011756611,-0.066292268,1,fac2,1
v000309,0.1315603944,0.3686944753,-0.152317779,-0.020010568,0.0845594714,0.0381291951,1,fac2,1
v000310,-0.121663965,0.2947962877,-0.138227555,-0.088850998,-0.252297429,-0.304688764,1,fac6,-1
v000311,0.2076352216,0.6406936572,-0.082702265,-0.066809902,-0.201232172,-0.229829106,1,fac2,1
v000312,0.2688588733,-0.340164751,0.0701031503,-0.294842289,-0.351830306,0.2541846993,1,fac5,-1
v000313,0.106066665,0.1025730937,0.1408672027,-0.059357483,-0.101264049,0.1776022215,0,,
v000314,0.3447264188,0.1063042445,0.1283400395,0.1161869066,0.1878369158,0.0503400571,1,fac1,1
v000315,0.3298348429,-0.02491961,0.031245651,0.1137962694,0.0890240492,-0.00273162,1,fac1,1
v000316,0.0330795271,0.300093276,0.3876706718,-0.073581442,0.3861756665,0.1915650311,1,fac3,1
v000317,-0.329440944,0.030546749,0.3378748343,-0.015067649,-0.035580311,0.2270481428,1,fac3,1
v000318,-0.172705679,0.353549911,0.3166176128,-0.265612628,0.046567068,0.1851904396,1,fac2,1
v000319,0.1879492553,0.1952261641,-0.164665009,0.0244509623,0.0429893031,-0.116212958,0,,
v000320,0.4038965191,0.2440068152,0.0898709635,-0.349215508,-0.286201757,0.0146605501,1,fac1,1
v000321,0.1074523813,-0.183236929,-0.273964478,0.1738191692,-0.13616525,0.0120141049,0,,
v000322,-0.040308097,0.3117710545,0.3602022157,0.2858726928,0.0681114885,0.2701960091,1,fac3,1
v000323,-0.167394671,-0.441353567,0.9184287581,-0.308349799,-0.046371546,-0.242882242,1,fac3,1
v000324,0.0639954916,-0.256495335,0.4888928373,0.1183946346,0.0660881838,0.1740451002,1,fac3,1
v000325,0.0252931866,-0.251743562,0.2307366204,0.0567499698,0.4781613882,-0.142285625,1,fac5,1
v000326,-0.323544621,0.754004701,0.01690146,0.0762740746,0.023933485,-0.015351424,1,fac2,1
v000327,-0.288113394,0.2849353118,-0.205953782,0.0019944942,-0.379171799,-0.142992709,1,fac5,-1
v000328,0.2874366366,-0.0412985,0.0065907449,0.5651255024,-0.284964506,0.3567842689,1,fac4,1
v000329,0.2919640024,0.0541610317,-0.228784637,0.2422774783,-0.094582726,0.0973180404,0,,
v000330,0.1459551322,0.3271903894,-0.070331471,0.1454023259,0.57956794,0.1819866283,1,fac5,1
v000332,0.3317751274,0.156299984,0.112479844,-0.018778603,-0.210019131,-0.02473118,1,fac1,1
v000333,0.166274975,0.2018247227,0.1274035122,-0.040545939,-0.196215627,0.0568207491,0,,
v000334,-0.028723329,0.4018744739,0.0259374022,-0.209843576,0.0828105821,-0.019228099,1,fac2,1
v000335,0.0853014536,0.1086644831,-0.105663701,-0.132853927,0.030059793,0.2548521967,0,,
v000336,0.1161188009,0.2589627234,-0.056788281,-0.101411351,0.0124150286,0.2018428935,0,,
v000337,0.0124046863,0.5143307253,-0.198152813,-0.277282681,-0.082206497,0.2401588563,1,fac2,1
v000338,-0.068977595,0.6185815376,0.0573040904,0.0582304159,-0.185384999,-0.110865035,1,fac2,1
v000339,-0.492905362,-0.372176818,0.74267759,-0.160317333,0.2406723712,0.1345675649,1,fac3,1
v000340,0.1216768428,-0.027838251,-0.283341221,0.1248927794,0.0040958934,-0.024404912,0,,
v000341,0.4263023705,0.1159126232,-0.052151884,-0.013678919,-0.044375763,-0.027954181,1,fac1,1
v000342,0.3146859739,-0.031066509,-0.163090916,0.023876594,0.0667865703,0.3329386579,1,fac6,1
v000343,0.0084051093,0.3325374924,0.5434789877,-0.164692584,0.2151503703,0.1509556737,1,fac3,1
v000344,0.0253677188,-0.46169927,0.5690402875,-0.171264146,-0.257663727,0.0682764184,1,fac3,1
v000345,-0.4519554,-0.394431669,1.1346082063,-0.22678113,-0.180512135,-0.124945139,1,fac3,1
v000346,0.0370488404,0.1918732842,-0.220382464,-0.098640445,-0.113372737,0.7986653355,1,fac6,1
v000347,0.0110479678,-0.002427968,-0.061645276,-0.327914436,-0.028683541,0.1362771933,1,fac4,-1
v000348,-0.743812058,-0.375088702,1.0249846714,-0.249050327,-0.116762894,-0.194050401,1,fac3,1
v000349,0.4567038955,0.2207071266,0.0691354224,-0.227541507,0.1484885486,-0.13914949,1,fac1,1
v000350,0.3363966372,-0.259561728,-0.286588994,0.156412452,-0.464116889,-0.033601493,1,fac5,-1
v000351,0.3697896657,0.0114763279,0.0220882252,0.1437611143,0.000510625,-0.044122593,1,fac1,1
v000352,0.1346302586,0.1608010225,-0.121483067,-0.032494418,-0.131822531,-0.086004524,0,,
v000353,0.4862639787,-0.045457664,-0.148119398,0.0065066603,0.1170209287,0.0914248388,1,fac1,1
v000354,0.1049992612,0.6724043715,0.0200337023,0.0127006411,-0.131765614,-0.119703485,1,fac2,1
v000355,0.199032507,0.0551182901,0.0897644152,0.097447057,0.5949029425,0.3887338803,1,fac5,1
v000356,-0.3414016,0.8188469366,-0.214326386,-0.254729675,-0.03129617,0.3058484585,1,fac2,1
v000357,0.3012554927,0.2885212081,-0.11895816,-0.002294471,-0.156814708,0.0679743903,1,fac1,1
v000358,0.3660463521,-0.116983411,0.4021376003,-0.018793634,-0.148218554,0.2126493502,1,fac3,1
v000359,0.0166435779,0.3796135726,0.085399733,-0.089663504,0.2320326956,0.0266883476,1,fac2,1
v000360,0.220564314,0.3589124288,-0.230054918,-0.061021129,-0.350571841,-0.27095193,1,fac2,1
v000361,-0.228037407,0.4207734325,-0.083013334,-0.193365424,-0.492458607,-0.26218632,1,fac5,-1
v000362,0.5069111459,-0.220217163,0.0819904414,-0.12080241,0.2628245457,0.1444454898,1,fac1,1
v000363,-0.866850477,-0.20484634,-0.20368455,-0.238464587,-0.357978965,-0.088138434,1,fac1,-1
v000364,0.224882789,0.3953568348,-0.063421143,-0.207745765,0.0546996115,-0.062553342,1,fac2,1
v000365,-0.144779892,-0.426941221,0.9925213962,-0.105676007,-0.064184951,-0.218902207,1,fac3,1
v000366,0.3565722242,0.1829117211,-0.183140448,-0.276966848,0.0393237769,0.1291185619,1,fac1,1
v000367,0.0527480346,0.1540086167,0.3523482841,-0.137029026,0.0549947926,0.1326967831,1,fac3,1
v000368,0.170200905,0.2211478168,-0.357057677,0.0656051011,0.2960263947,-0.013942345,1,fac3,-1
v000369,-0.026059011,0.0545863307,0.6853440012,-0.293856936,-0.014989871,-0.068000344,1,fac3,1
v000370,0.0894487134,0.4740828106,-0.135331793,-0.138026566,-0.096058913,-0.024304001,1,fac2,1
v000371,-0.048150566,0.1184940595,-0.18709692,-0.1816809,0.3034029764,0.1825942925,1,fac5,1
v000372,0.1657327417,0.2088835304,-0.078585804,0.0133324282,-0.10874641,-0.107248175,0,,
v000373,0.3255303424,0.1138562933,-0.017088838,0.400749929,-0.23087655,-0.002445856,1,fac4,1
v000374,0.1908604377,-0.019803765,-0.081470278,-0.070185248,0.17533039,0.162748208,0,,
v000375,0.224869262,-0.468977065,-0.256023756,-0.229876025,0.2271577536,0.3776992305,1,fac2,-1
v000376,0.1532058179,-0.170044874,-0.250586755,-0.26106163,-0.351714868,-0.171508291,1,fac5,-1
v000377,0.2244133489,-0.510924419,-0.188601958,-0.128471482,0.0114423422,-0.409376012,1,fac2,-1
v000378,0.4116173931,-0.124030025,0.2105246684,-0.071707818,-0.090309755,0.1207688679,1,fac1,1
v000379,0.1883076641,0.5262751491,-0.003814297,0.1675270654,0.026179917,0.0046094838,1,fac2,1
v000380,-0.06906073,-0.453662293,-0.380026054,-0.271833741,0.9700620812,-0.377143232,1,fac5,1
v000381,-0.036746681,-0.077426523,0.0619492238,0.0262502955,0.2802288689,0.1859202134,0,,
v000382,-0.056366252,-0.170673486,0.1540226935,-0.046611479,-0.18804874,1.0776451745,1,fac6,1
v000383,0.0753353018,-0.017082456,-0.176272008,-0.128469995,-0.118013639,-0.168418962,0,,
v000384,0.0633131934,0.1560050977,-0.11277875,-0.165107208,-0.104456293,0.4772625381,1,fac6,1
v000385,0.0643660554,0.159527862,0.0989944335,-0.152962947,0.0535717401,0.1012805695,0,,
v000386,0.3633188728,0.043578183,0.312387984,-0.043609821,-0.096982545,0.0738738933,1,fac1,1
v000387,0.3709928978,0.0407242296,-0.00351499,-0.001912962,0.046990448,0.0451480074,1,fac1,1
v000388,-0.291239533,-0.475251419,-0.401655131,-0.213535231,-0.150576408,-0.018145799,1,fac2,-1
v000389,0.2615366178,-0.017495474,0.226297757,0.072094879,0.2753924859,0.2053781915,0,,
v000390,0.2798214944,0.430138139,-0.172824688,-0.147347801,0.1283637209,0.0828995503,1,fac2,1
v000391,0.0783456219,-0.213840912,-0.260820689,0.0972547214,0.1003662857,0.0793455547,0,,
v000392,0.3702280228,0.2124083117,0.2017502597,-0.158999303,-0.318801199,-0.040401541,1,fac1,1
v000393,0.4423866981,0.1724663753,-0.001152309,0.0678329122,-0.1200755,-0.059663414,1,fac1,1
v000394,-0.030850612,-0.263890565,-0.015671353,0.1346931338,0.8355955114,-0.00467088,1,fac5,1
v000395,-0.250723711,-0.357989082,-0.406595333,-0.099404302,-0.037157697,-0.041846414,1,fac3,-1
v000396,0.3145587527,0.1586982938,0.0023656814,-0.062565961,0.1026973722,0.1016827464,1,fac1,1
v000397,0.2939606364,0.0832904031,0.1124363838,0.2003882235,0.1385483086,0.0491885629,0,,
v000398,-0.075170945,0.0322639741,0.8494240884,-0.260054279,-0.006365441,-0.105746885,1,fac3,1
v000399,0.3415931876,0.1466100465,-0.056338922,-0.215530035,0.1062748955,0.1002106685,1,fac1,1
v000400,0.2282471999,0.1934439793,-0.06981698,-0.359918876,0.0499687499,-0.050503128,1,fac4,-1
v000401,0.4261332948,-0.079730135,-0.012019561,0.0515449791,0.0600743728,0.2100713716,1,fac1,1
v000402,0.3863817834,-0.232699292,0.0539370114,-0.009629263,0.217293806,0.3308178076,1,fac1,1
v000403,0.3819756035,0.3417079316,-0.028543161,-0.09339077,0.1317342787,-0.145601935,1,fac1,1
v000404,0.3977526699,-0.091043248,0.2623763372,-0.087984281,0.1770324338,-0.156460465,1,fac1,1
v000405,0.330665013,0.1336823831,0.0809471697,0.052324373,0.1907013546,0.0591027921,1,fac1,1
v000406,0.3928047026,0.1020947507,-0.126148322,0.1139723319,0.2168967306,0.158327201,1,fac1,1
v000407,0.0340644455,-0.205876507,0.0840891955,0.9765948062,-0.08732602,0.4172875524,1,fac4,1
v000408,0.0549475166,0.5745452919,-0.103886268,0.2007924438,-0.166358377,-0.150669111,1,fac2,1
v000409,0.1187125485,-0.159193255,0.1722593772,0.3574368326,0.0127930283,0.6570503703,1,fac6,1
v000410,-0.168077765,-0.408864288,-0.226346757,-0.104673072,-0.364079106,-0.231799394,1,fac2,-1
v000411,0.269286426,-0.110213873,-0.04019922,-0.337121562,0.1749085696,-0.00698981,1,fac4,-1
v000412,0.0180454161,0.737866894,-0.049110068,-0.034028212,-0.001271686,0.1721979805,1,fac2,1
v000413,-0.354344274,0.377100534,-0.29787287,-0.470011695,-0.128653158,0.0284649293,1,fac4,-1
v000414,-0.632153489,0.5874688966,-0.218096999,-0.426015372,-0.129217942,0.1116084232,1,fac1,-1
v000416,0.1915446178,-0.011232041,0.0776468071,-0.037494772,0.2972416738,0.3075678166,1,fac6,1
v000417,0.2532653075,0.0972703477,-0.067112353,0.0237981249,-0.011888839,0.5125316472,1,fac6,1
v000418,0.1597111007,0.104937833,-0.145438519,-0.019503973,0.2702785632,0.0119537728,0,,
v000419,0.2636226034,-0.152859691,-0.241058639,-0.015324511,-0.262705245,-0.148170886,0,,
v000420,0.0727010155,0.3669517398,0.1067960158,-0.175769753,-0.08674762,0.3270290364,1,fac2,1
v000421,-0.34057936,-0.387146571,0.5004408223,0.5585406569,-0.307431901,-0.044458514,1,fac4,1
v000422,0.0185815115,-0.240403534,0.1254776114,0.8619744163,-0.044017836,0.4933880276,1,fac4,1
v000423,0.2185933381,0.3158578229,0.1751971977,0.6597415748,0.0617748541,-0.000125369,1,fac4,1
v000424,-0.393671179,-0.299634077,-0.331683849,-0.103302511,-0.175071412,-0.230804942,1,fac1,-1
v000425,-0.410077452,0.0950745389,-0.199033772,-0.077384573,-0.151939908,-0.027664833,1,fac1,-1
v000426,0.3573923075,0.1414199067,-0.107073348,-0.095962007,0.2644906694,0.0854630582,1,fac1,1
v000428,0.2097818355,0.1330232237,-0.182849026,-0.109688735,0.1519516027,0.2391660904,0,,
v000429,-0.046580376,-0.514107659,-0.305662647,0.9047678784,0.0040691555,0.2510734417,1,fac4,1
v000430,0.3016329683,0.1764199614,-0.052562136,0.0545542005,-0.043130991,0.0775493414,1,fac1,1
v000431,0.1862742178,-0.024921109,0.0987494889,0.1476820844,0.1619273447,0.2702296506,0,,
v000432,0.2625842446,0.0720327591,-0.097908537,0.1941731031,0.0708232392,0.0271271922,0,,
v000433,0.0449405035,0.3259794101,-0.281557025,-0.277829794,-0.022529569,0.3331472817,1,fac6,1
v000434,-0.291301095,0.5113639696,-0.06862646,-0.292043519,0.3780946567,-0.092041749,1,fac2,1
v000435,0.1492586993,0.2100577943,-0.039519583,0.0642297616,-0.102376249,0.102702301,0,,
v000436,0.261175443,0.3911157201,-0.040498588,0.0567323955,-0.164834184,0.0223567802,1,fac2,1
v000437,0.4017819684,-0.029813934,0.1236966639,0.158494182,-0.040753389,-0.013875962,1,fac1,1
v000438,0.1362242749,-0.117831563,0.5061726822,-0.030962776,0.5927952222,0.1447845273,1,fac5,1
v000439,-0.331642543,-0.209395044,0.7352340166,0.014780987,0.1043920505,0.0852465537,1,fac3,1
v000440,0.3600565119,0.1833133568,-0.085236,-0.015702983,-0.144514164,0.0754316479,1,fac1,1
v000441,-0.384102336,-0.211610794,0.8735606175,-0.295846876,-0.308205987,-0.095227207,1,fac3,1
v000442,0.54159802,0.0540337837,0.0429579925,0.1599900958,-0.062633797,-0.032226058,1,fac1,1
v000444,-0.088998434,0.641870902,0.3426725609,0.1193769498,-0.135316127,0.0362283765,1,fac2,1
v000445,0.1737963032,0.1344438686,0.5593917127,0.0510822563,0.2856133812,-0.201713155,1,fac3,1
v000446,0.3661593767,0.1949550816,-0.133374007,-0.280300406,-0.013278624,-0.104312469,1,fac1,1
v000447,0.4846798592,-0.130446249,-0.153965394,0.3984920606,0.0811655326,-0.048760037,1,fac1,1
v000448,-0.769210778,0.6006971973,-0.251500363,-0.415221886,-0.079030207,0.1352826356,1,fac1,-1
v000449,0.3803660144,0.1386995377,0.0345820337,-0.175471003,0.374998932,0.0400691713,1,fac1,1
v000450,0.0972317638,0.4985090221,0.3199677759,-0.028975463,-0.014098953,-0.2241064,1,fac2,1
v000451,0.2592951259,0.070053487,-0.168940176,0.0978231553,0.0487889385,-0.072598492,0,,
v000452,0.3829749456,0.1330893495,-0.116571255,0.0164703482,-0.078178892,0.032991586,1,fac1,1
v000453,-0.026324224,-0.129157912,0.4635621296,0.4748022836,0.4933511378,-0.045007528,1,fac5,1
v000454,0.2918495728,-0.266740342,-0.057017376,-0.269636396,0.3587516157,0.3772300213,1,fac6,1
v000455,0.1055910245,-0.140074628,-0.196734082,-0.342920897,0.6310128544,0.0071788439,1,fac5,1
v000456,0.1983122644,0.3469435114,0.056837718,0.0878757759,-0.158946626,-0.055901028,1,fac2,1
v000457,0.0953049928,0.3108678119,-0.235900409,-0.190662621,-0.024895536,0.1356793967,1,fac2,1
v000458,-0.288742257,0.5532954055,-0.013243136,0.220486414,0.0053148969,-0.033653336,1,fac2,1
v000459,-0.626167747,-0.662555913,-0.53599642,-0.260571522,-0.068425254,-0.217506287,1,fac2,-1
v000460,0.2695143095,-0.10548751,0.6863278408,-0.056127654,0.1537101878,-0.098056232,1,fac3,1
v000461,0.1818597814,-0.330726409,0.0646083413,-0.2216875,0.3636441303,-0.30560326,1,fac5,1
v000462,0.1078336339,0.5387386781,0.0883923283,-0.022763426,0.0117413939,0.0884178523,1,fac2,1
v000463,-0.393704534,-0.452127559,-0.063073355,-0.179631049,-0.511235202,-0.278957517,1,fac5,-1
v000464,0.3962637111,0.0432561061,-0.31037023,-0.132512988,0.1338222099,-0.073195377,1,fac1,1
v000465,0.0792538816,0.0735709058,-0.264237553,-0.177453339,-0.232128511,-0.30020787,1,fac6,-1
v000466,0.112690207,-0.228165317,-0.134952753,-0.040551197,-0.014773006,-0.529032212,1,fac6,-1
v000467,0.0601803407,0.1833136657,-0.025304884,0.2009517435,0.1706543086,-0.127408188,0,,
v000468,0.0266999989,0.2696389134,0.0724055988,0.1325886931,0.2925101208,-0.047692189,0,,
v000469,-0.57412023,0.2681922602,-0.046840068,0.2411449958,0.1207142914,-0.060030444,1,fac1,-1
v000470,-0.427176068,0.376789099,-0.291823063,-0.045305379,-0.232604106,-0.162122039,1,fac1,-1
v000471,0.1804766294,0.5922317161,-0.160120811,0.3294673753,0.0530254336,-0.053343272,1,fac2,1
v000472,-0.20376513,-0.703981213,-0.545807389,0.898222379,-0.183499526,-0.24171861,1,fac4,1
v000473,0.2194977128,-0.430152509,-0.266490127,-0.434478751,0.1343810921,-0.178592043,1,fac4,-1
v000474,0.0972988578,0.0146716307,-0.179515791,-0.034299571,0.032427778,-0.129805934,0,,
v000475,0.2911679443,0.1848426058,-0.00856786,-0.310192162,-0.014604414,0.1287882951,1,fac4,-1
v000476,0.1617496381,0.5310816953,-0.006538575,0.1401700969,-0.003085696,-0.157847378,1,fac2,1
v000477,0.0643835577,-0.23628161,-0.360017569,-0.030296741,-0.18131201,0.1979515222,1,fac3,-1
v000478,0.5772029015,0.0379373739,0.0070121896,-0.196679416,-0.119471128,-0.070069902,1,fac1,1
v000479,0.2087305702,0.1114263924,0.2425392345,0.0682664484,0.0591689213,0.0252951038,0,,
v000480,-0.16688813,-0.176658721,-0.234787377,0.4348635519,-0.105689305,0.2329013355,1,fac4,1
v000481,-0.440766993,-0.32615946,-0.378791031,1.1065145273,0.1978359908,-0.167075401,1,fac4,1
v000482,0.042300552,0.5375528157,0.0231402904,-0.092057804,0.1078436616,0.0726413223,1,fac2,1
v000483,-0.498763766,0.1232668754,-0.357365675,0.3516547262,0.1865019934,-0.28586131,1,fac1,-1
v000484,-0.315432931,0.7342293892,-0.030234479,-0.188802691,-0.091193369,0.67971869,1,fac2,1
v000485,0.744551331,-0.041110777,-0.081026482,0.0472880623,-0.266975846,-0.21870338,1,fac1,1
v000486,0.3875804415,-0.095572771,-0.106320598,0.0336769055,-0.005898272,-0.184092567,1,fac1,1
v000487,0.3166175235,-0.01670396,-0.013112417,0.1118719134,-0.17406322,-0.237696871,1,fac1,1
v000488,-0.007868896,0.1976750094,0.9165184756,-0.064943721,-0.104171732,0.1217779569,1,fac3,1
v000489,-0.08549599,-0.371296289,-0.261955586,0.016809105,0.8749540382,-0.250651535,1,fac5,1
v000490,0.4722127057,-0.034041846,-0.133375484,0.0704553168,-0.152607125,-0.00226382,1,fac1,1
v000492,0.4986638342,-0.288511851,-0.130601123,-0.170354868,-0.373351477,-0.335607012,1,fac1,1
v000493,0.4073182593,0.0405514634,0.0403145491,-0.098422579,-0.12778934,0.310026924,1,fac1,1
v000494,0.3062439285,0.0117490097,0.0781418683,0.2553725826,-0.009388992,-0.010077416,1,fac1,1
v000495,0.366952165,-0.016724741,-0.057176388,-0.102028714,-0.232793429,0.225503152,1,fac1,1
v000496,0.4857147392,-0.045829838,0.0251746084,0.291456722,-0.10476561,0.003965158,1,fac1,1
v000497,0.1445235915,0.6041250443,-0.163207713,0.1046472188,0.0899086778,-0.274534632,1,fac2,1
v000498,-0.825943889,-0.488126147,-0.423085873,-0.191671779,-0.287447908,0.0430264142,1,fac1,-1
v000499,0.1247086208,-0.037695488,0.0847575821,-0.18955864,0.5450742622,0.2607707435,1,fac5,1
v000500,0.5292860114,0.1147690721,-0.043987668,0.014942759,-0.038137017,-0.105055367,1,fac1,1
v000501,-0.07375389,0.5311248821,0.0861142991,-0.125331211,0.0053702102,0.4641938938,1,fac2,1
v000502,0.4561365429,-0.145897524,0.0982959834,0.1062394264,-0.050071107,-0.044188677,1,fac1,1
v000503,0.3401956543,0.0437444718,0.1019510667,0.0588052402,-0.230478626,0.1103809099,1,fac1,1
v000504,-0.045484262,0.0033719118,-0.05853032,-0.197914402,-0.119646221,0.0390927927,0,,
v000505,0.3825663712,-0.020112636,0.4597331648,-0.027238281,0.0745728691,0.0311817794,1,fac3,1
v000507,0.506937307,0.3582177924,-0.039634483,0.0275945881,-0.00464369,-0.272947137,1,fac1,1
v000508,0.2330696288,-0.012293316,0.0420877438,0.2163125495,-0.175160383,-0.028538605,0,,
v000509,0.380117684,0.0552035168,-0.105930419,0.2168849518,0.0703996892,0.1281523935,1,fac1,1
v000510,-0.256654433,0.3769528679,-0.146110753,-0.392736781,-0.077345325,0.501204772,1,fac6,1
v000511,-0.199376503,-0.365457356,-0.391311722,-0.326618359,-0.219837186,0.0973911964,1,fac3,-1
v000514,0.3239790475,0.1184833506,0.1018577926,-0.260870493,0.2414084226,0.0130443409,1,fac1,1
v000515,0.6543135293,-0.020620902,0.0425651117,-0.108416615,0.0451624909,-0.308356542,1,fac1,1
v000516,0.0687497911,-0.196235167,-0.263473756,-0.307157729,-0.05177425,-0.194491412,1,fac4,-1
v000517,0.4817169849,-0.024203637,0.0482704768,0.0490955932,0.1397445118,0.0240044441,1,fac1,1
v000518,-0.20930723,-0.086743491,-0.085901763,-0.311843755,-0.330750657,-0.047485708,1,fac5,-1
v000519,-0.020447578,-0.300824125,1.0569391692,-0.253810178,0.0920188345,-0.214580781,1,fac3,1
v000520,0.1238365312,-0.378199503,0.6456694439,-0.171162599,0.4491948978,-0.12782134,1,fac3,1
v000521,0.2817105005,0.2300605053,-0.098261181,-0.069652385,0.092265356,0.0869235515,0,,
v000522,0.4743667034,-0.008576521,-0.086780305,-0.004299922,-0.267939382,-0.047023586,1,fac1,1
v000524,0.439917113,-0.035302062,0.0272211881,-0.039675647,0.0002011704,0.0239680926,1,fac1,1
v000525,0.4100020529,-0.013882541,-0.046873704,-0.059174313,-0.064809458,0.0586686997,1,fac1,1
v000526,0.291031965,0.0493945658,0.1402859231,-0.088949075,0.4613960316,-0.109636467,1,fac5,1
v000528,0.1949619684,-0.009324395,-0.016354525,0.0307275337,0.0263675603,0.2360031888,0,,
v000529,0.0179440573,-0.293913225,-0.246052954,-0.292463167,0.2395013504,0.2783726288,0,,
v000530,0.2972655626,-0.073723873,-0.094700261,-0.128309622,0.0570758363,0.1929370562,0,,
v000531,0.1625775458,0.1292630355,-0.044055192,0.4454905527,-0.014705092,-0.01982147,1,fac4,1
v000532,0.3750258521,0.1161199424,0.0958136125,-0.027135367,-0.047807905,0.0981094409,1,fac1,1
v000533,0.0163360604,0.1919311119,0.6269641262,-0.040479072,-0.038194533,-0.165368736,1,fac3,1
v000534,-0.35540826,-0.451792922,-0.448816356,-0.389241376,0.4037384198,-0.196101539,1,fac2,-1
v000535,0.4383995645,-0.155849468,0.0370207719,0.0319695324,0.1193639082,0.0435030588,1,fac1,1
v000536,0.4494107443,-0.143028935,-0.057941245,0.2539544893,0.0088598855,0.1102661431,1,fac1,1
v000537,0.1548796291,-0.056545169,-0.127947979,-0.144242109,0.9148455553,0.2855831906,1,fac5,1
v000538,0.080826343,-0.324583487,-0.319227106,0.2220640496,0.1833328441,-0.295560898,1,fac2,-1
v000539,0.3590325216,0.2019509567,0.0017982555,0.0009172532,0.0668995454,-0.027082729,1,fac1,1
v000540,0.4450232542,-0.044948259,0.2513187776,-0.063259331,0.0158255365,0.0893555996,1,fac1,1
v000541,0.4347592419,0.2665801408,-0.026776995,-0.002383612,0.0048921336,-0.27903177,1,fac1,1
v000542,0.1329055111,0.5170889548,0.0008595445,0.1471520085,-0.184233266,0.0191369986,1,fac2,1
v000543,-0.041057165,0.4087225094,0.3944390787,-0.041981036,-0.15391425,0.0043692984,1,fac2,1
v000544,0.4120936423,0.2573376395,-0.075285526,0.0187735398,0.151486448,-0.006836914,1,fac1,1
v000545,0.265840662,0.1269992435,-0.139701151,-0.066110066,-0.081934887,0.0974690059,0,,
v000546,0.329978056,0.2632443082,0.2778314053,-0.292812572,-0.299935517,0.1384088403,1,fac1,1
v000547,0.1960049669,0.1273960102,-0.151567457,-0.014751589,0.0635763599,0.1008101582,0,,
v000548,0.0550029887,0.0466584305,-0.317102863,-0.036233898,-0.234520986,-0.006114448,1,fac3,-1
v000549,0.4793503531,-0.295885557,-0.162579782,-0.225994264,0.2676424959,0.0610368362,1,fac1,1
v000550,0.5325310824,-0.123888685,-0.104085443,-0.031763063,0.1490210667,0.006465326,1,fac1,1
v000551,0.3425625755,0.1143053462,-0.206581179,0.0841066452,0.0116907196,0.0343341925,1,fac1,1
v000552,0.0379194733,-0.150220833,-0.36569406,-0.058543627,-0.132891525,-0.170574372,1,fac3,-1
v000553,0.3403367278,-0.052758528,0.1991675773,-0.063141884,0.074791786,0.120759062,1,fac1,1
v000554,0.31815089,-0.018720156,0.5013483385,-0.063784523,-0.005738982,0.1497049972,1,fac3,1
v000555,0.4757560615,0.0721728244,-0.182535377,0.0161621887,-0.00860738,-0.069872624,1,fac1,1
v000556,-0.613313326,0.0881213402,-0.288550798,0.0660021841,-0.045452721,-0.179726731,1,fac1,-1
v000557,-0.071696218,-0.315223212,-0.07118942,0.1192836461,-0.355299175,-0.097822341,1,fac5,-1
v000558,0.3672027536,0.2255745368,0.0265407385,-0.187700609,0.0489963349,0.1266825031,1,fac1,1
v000559,-0.000216887,0.1980856948,-0.135615551,0.0877715355,-0.26719913,0.4740878551,1,fac6,1
v000560,-0.175528212,0.5431694268,0.1544250943,0.0606001465,-0.379509116,-0.05061974,1,fac2,1
v000561,-0.582413784,-0.290633576,-0.220380055,-0.093860917,-0.004279781,0.056425692,1,fac1,-1
v000562,0.228637983,0.1263805525,-0.066143778,0.1094959924,-0.403881524,0.1854429148,1,fac5,-1
v000564,0.1909523865,0.2836922444,-0.303084781,-0.160115686,0.1572716381,-0.081703258,1,fac3,-1
v000565,0.2311403775,0.0527115594,-0.158432324,0.2137148383,0.0906996857,0.3657257019,1,fac6,1
v000566,0.4995294186,-0.443365534,-0.051266916,-0.232797628,-0.090656848,0.1798370145,1,fac1,1
v000567,-0.237174558,0.1930502491,0.1890659185,0.1138363878,0.2586367296,0.0228010538,0,,
v000568,0.3517258142,-0.282761067,0.5515580101,-0.13237201,-0.17444939,0.0651706159,1,fac3,1
v000569,0.0958270247,0.1794099196,-0.154299254,-0.042272185,-0.153702827,-0.072069205,0,,
v000570,0.4555164903,-0.055135172,0.0044070698,0.2107903531,-0.022235143,-0.001583868,1,fac1,1
v000571,-0.103583302,0.4447973582,-0.272112082,-0.286672395,-0.064697234,0.3845394647,1,fac2,1
v000574,0.0889198554,0.6593887806,-0.092978274,0.2265463518,-0.084085242,-0.079664625,1,fac2,1
v000575,0.3006029256,-0.026380175,-0.147489895,0.2942436113,-0.061948934,-0.198479989,1,fac1,1
v000576,0.0306058511,0.2533969235,0.0253148881,0.6018262809,0.2001025379,-0.15832148,1,fac4,1
v000577,0.0080270081,0.7179903864,-0.210395272,0.0177177843,-0.120840518,0.0014894758,1,fac2,1
v000578,0.1393633771,0.3564241248,0.1083679439,0.7637333595,0.1424696159,-0.153240102,1,fac4,1
v000579,0.2797336507,0.1398084595,-0.009788557,-0.183127976,0.1989321068,0.0859928265,0,,
v000580,0.0034122765,0.777630821,-0.036995995,0.0589177365,0.1817128977,0.0618327849,1,fac2,1
v000581,0.1953210337,0.2269922479,0.2266947513,-0.043026198,0.0368551609,0.0079217414,0,,
v000582,0.405381174,0.0072310151,-0.098820376,-0.009810429,-0.183628984,0.0467164836,1,fac1,1
v000583,0.2422014164,0.1719777354,-0.307178269,0.0922868191,-0.069988857,0.1971578817,1,fac3,-1
v000587,0.4039077134,-0.016027111,0.2101543466,0.0395207849,0.1940094478,-0.025145977,1,fac1,1
v000588,-0.311254867,-0.372191728,-0.303643252,0.9809432794,-0.175805243,-0.03499281,1,fac4,1
v000589,0.1931124,0.3304706053,-0.096949685,0.2764551974,-0.261790402,-0.158703801,1,fac2,1
v000590,0.1971915651,0.1868851898,0.241726399,0.1272865485,-0.149790946,0.2178766267,0,,
v000591,0.2233929535,0.5879884725,-0.054306102,-0.070857463,-0.163620289,-0.107929052,1,fac2,1
v000593,0.026651383,0.6029606796,-0.012314897,0.1250532784,-0.114334443,0.1111089472,1,fac2,1
v000594,0.4482443036,0.1135562634,-0.013817114,0.100822203,-0.26430988,0.1676099959,1,fac1,1
v000595,0.3754132631,0.0157812308,0.1550308846,0.0291326445,0.2989470617,0.0033195589,1,fac1,1
v000596,0.1031880871,0.0120909912,0.2579864861,-0.1072499,0.6255210245,0.0276060405,1,fac5,1
v000597,0.3404169738,-0.229401656,-0.260262311,-0.030407682,0.3975878876,0.0185641862,1,fac5,1
v000598,0.1698919288,0.1373238225,-0.060769134,-0.072666458,0.0918061738,0.2281632699,0,,
v000599,-0.701230096,0.4301696257,-0.275185482,0.0844959538,-0.081259967,-0.099549849,1,fac1,-1
v000600,-0.141271614,0.0178384064,-0.244035848,0.1354460687,0.4885938901,-0.266308343,1,fac5,1
v000601,0.2141942237,0.025274825,-0.052616735,0.6016705901,-0.059537928,-0.116514513,1,fac4,1
v000602,-0.465131096,0.1068994987,0.617682542,0.0969035228,-0.088249206,0.2843767637,1,fac3,1
v000603,0.3136940577,-0.250234212,0.056616828,0.1364304575,0.2852601306,0.170500414,1,fac1,1
v000604,0.1085742549,-0.170992689,-0.076258526,1.0204171995,-0.206228336,0.1788509625,1,fac4,1
v000605,0.0374524955,-0.313850921,0.9059120894,0.0299150712,-0.091695426,-0.188460013,1,fac3,1
v000606,0.167898052,-0.065118462,0.2656625113,0.161586644,0.3553194704,0.050761481,1,fac5,1
v000607,0.251455275,0.3162707812,0.0358493419,0.1398439845,0.2221223022,-0.08045756,1,fac2,1
v000608,0.3413833507,0.0335931973,-0.032687896,-0.042985232,0.2412528553,0.0785466889,1,fac1,1
v000609,0.3536973503,-0.044412142,-0.052040793,-0.109546301,0.0417370682,-0.360942448,1,fac6,-1
v000610,-0.340587082,-0.387094475,-0.070386445,-0.164243285,0.0702797594,0.1124994224,1,fac2,-1
v000611,-0.324443136,-0.424860262,-0.446256706,-0.223289493,0.1128175187,-0.150421312,1,fac3,-1
v000612,0.4468651943,-0.128727999,0.2185085139,-0.038871562,-0.022800665,-0.139063042,1,fac1,1
v000613,-0.009086296,-0.17618298,0.722230232,0.0864383115,0.6759873088,-0.129168427,1,fac3,1
v000614,0.3982594508,0.1567998945,0.1125362311,0.1549859073,-0.297892273,-0.283132508,1,fac1,1
v000615,0.275651686,-0.070715521,0.4549505913,-0.091602794,0.1661070436,-0.095895877,1,fac3,1
v000616,0.2083391428,-0.157903655,-0.124740207,-0.151985509,-0.396758458,-0.120510923,1,fac5,-1
v000617,-0.285703732,-0.510690247,-0.278220312,0.8430895354,-0.174596867,-0.058403179,1,fac4,1
v000618,0.2978600593,-0.360240028,-0.154343185,0.0900159781,-0.122369857,0.232833419,1,fac2,-1
v000619,-0.627437968,0.3841732617,-0.225623249,0.3396927629,-0.145513221,-0.126665408,1,fac1,-1
v000620,-0.648247426,0.4202274602,-0.162669603,0.5108209693,0.3850765914,-0.32176353,1,fac1,-1
v000621,0.172298338,-0.34351194,0.7334501291,-0.134260261,0.1704872706,0.0844805043,1,fac3,1
v000622,-0.335541872,-0.326643884,-0.142600837,0.5116204401,-0.063444516,-0.200083696,1,fac4,1
v000623,-0.332156498,0.2980671483,-0.039467922,-0.364632891,-0.125477808,-0.075005047,1,fac4,-1
v000624,0.3439164018,-0.041006667,-0.224551307,-0.397675799,0.3318008082,-0.227309046,1,fac4,-1
v000625,-0.140529498,-0.319869286,1.0402564932,-0.005738253,0.0925080332,0.0554315785,1,fac3,1
v000626,0.0638160324,-0.260843419,0.6353189057,-0.209909532,0.3968088815,-0.031850596,1,fac3,1
v000627,0.149041958,-0.259398228,0.0491212328,0.8318622895,-0.004797312,-0.019321261,1,fac4,1
v000629,0.1854179805,0.3129648204,-0.211766939,0.1191814588,-0.068174234,-0.044231819,1,fac2,1
v000630,0.352978726,-0.053561338,0.3152770534,0.1731851035,0.3207367851,-0.103567335,1,fac1,1
v000631,0.1835549191,-0.564570781,-0.282422479,-0.207477092,0.0939146263,-0.214248783,1,fac2,-1
v000632,0.357037697,0.2095910097,0.0546072095,0.3153418697,-0.015281526,-0.054665422,1,fac1,1
v000633,0.0236230551,0.4985470743,0.1583185689,0.1185097438,-0.328919067,0.0768380056,1,fac2,1
v000635,-0.080414247,-0.102539258,0.1346564802,1.056341454,0.01925396,0.1190689599,1,fac4,1
v000636,0.2639288938,0.1796196394,0.0232950306,0.0434151634,0.0545050539,0.0143979897,0,,
v000637,0.152738376,0.1833171886,-0.183594254,0.1515417914,-0.003847875,0.3130919584,1,fac6,1
v000638,0.3043815412,0.1803686516,0.0706518211,-0.165538451,-0.093521965,0.0147881177,1,fac1,1
v000639,0.1998438877,0.108689268,0.0619866257,-0.035141799,-0.060023105,0.3733819837,1,fac6,1
v000640,0.1364301623,-0.23566985,0.2129503933,0.0422117061,0.3560547279,0.3126312391,1,fac5,1
v000642,0.540628542,-0.217814044,-0.052176254,-0.13170226,0.1441294453,0.0761176655,1,fac1,1
v000643,0.2710518095,0.034622976,0.6025880193,0.3801497881,-0.102320046,-0.042918638,1,fac3,1
v000644,0.0076087125,-0.028164606,0.0115582424,-0.320540617,0.0117716845,0.2642995396,1,fac4,-1
v000645,0.4215999902,-0.173326999,0.1000272711,-0.077835293,0.2351654101,0.0907382563,1,fac1,1
v000646,0.6320200468,-0.125118825,0.0456629381,-0.20176574,-0.068293576,0.0330036634,1,fac1,1
v000647,0.3826881688,-0.015243614,-0.163272751,0.0094514775,0.0630274472,0.1986417866,1,fac1,1
v000648,0.1360738419,-0.135474309,-0.321993734,-0.380022812,-0.315033405,0.0659535757,1,fac4,-1
v000649,-0.024964868,0.1484837984,-0.160362026,0.5247712204,0.1747230098,0.407414779,1,fac4,1
v000650,0.1599337252,0.0496720793,-0.258872263,0.8367209736,-0.074796972,0.2902276653,1,fac4,1
v000651,0.0761188114,0.1390580191,-0.272314773,0.3974729351,0.2823575559,-0.070004378,1,fac4,1
v000652,0.0546263008,0.5534213029,-0.022108147,0.4054483851,-0.047616055,-0.089775164,1,fac2,1
v000653,0.2911542121,-0.37381058,-0.285468475,0.2430034275,-0.336168434,-0.185048083,1,fac2,-1
v000654,0.1336437392,0.1243047528,-0.132980486,0.0411142768,-0.157854461,0.0496312895,0,,
v000655,0.1355325212,0.1674532073,-0.152923143,-0.059246498,-0.110109819,-0.059431007,0,,
v000656,-0.101367509,0.1566734856,-0.058789757,0.016345188,-0.107871084,-0.000674788,0,,
v000657,-0.226545106,0.1506884929,0.2577934149,0.1245896829,0.9730088522,0.105238703,1,fac5,1
v000658,0.1979547694,0.2858978988,-0.13032046,-0.041019968,-0.228211803,0.2895253399,0,,
v000659,0.1170954654,0.3757143604,-0.082821209,0.0370311685,-0.025304595,0.2644979715,1,fac2,1
v000660,0.2532234178,-0.057341816,-0.117766029,-0.059429895,0.0919527624,0.2809990318,0,,
v000661,0.2058619562,0.2072712742,-0.190988319,-0.112895787,0.1924152031,0.1723973161,0,,
v000662,-0.173443343,0.3324102106,0.7541556195,0.0200643258,0.0616225326,-0.234120318,1,fac3,1
v000663,-0.068500366,-0.395188993,-0.331439591,-0.099642078,1.0050134533,-0.147558694,1,fac5,1
v000664,0.4927640613,0.0349907676,-0.130115347,0.0535336376,0.0148553715,0.0878749031,1,fac1,1
v000665,0.0574744379,-0.158120951,-0.280140256,-0.323599943,0.327172508,0.0364435526,1,fac5,1
v000666,-0.042612554,-0.29690689,0.8813234988,-0.013274971,-0.064612292,-0.035431729,1,fac3,1
v000668,0.4593502839,-0.148895611,-0.147306647,-0.005645131,-0.29712657,-0.000986154,1,fac1,1
v000669,-0.079333131,-0.310761222,-0.189693797,0.3718579972,-0.055754212,0.1310176823,1,fac4,1
v000670,0.1963358446,-0.259276602,0.0734693326,0.1206405982,0.3930552757,0.0915617886,1,fac5,1
v000671,0.2825422689,0.1206031298,0.1778972531,0.1421678703,0.1325351611,0.0210699508,0,,
v000672,0.1077071237,-0.213702474,0.6875277763,0.0142802322,0.0152513907,-0.075646247,1,fac3,1
v000673,0.2770174974,-0.073310748,0.24110174,0.145241047,0.0705149787,-0.023410283,0,,
v000674,-0.121747312,-0.142837751,-0.206886976,-0.190644649,-0.157187321,-0.170125283,0,,
v000675,0.2548541102,-0.022602651,0.1098855736,0.1290651789,0.0695731352,0.0747427891,0,,
v000676,0.3763676892,0.2069686898,0.0436281366,0.464067967,-0.138879183,0.1162328826,1,fac4,1
v000677,0.0379325061,-0.294593329,-0.208225779,0.0764566646,-0.271787116,0.1941464205,0,,
v000678,0.4460310922,-0.226454703,-0.329829913,-0.038697534,0.5798164123,-0.030683681,1,fac5,1
v000679,0.3793404357,-0.353986099,-0.464800408,-0.048369403,0.6809381307,0.0059254196,1,fac5,1
v000680,0.0254347843,0.7034114491,0.0320556825,0.2034338143,0.0767711975,-0.133573858,1,fac2,1
v000681,-0.091868733,0.5461988226,0.0467126315,0.3763428262,0.0732424367,-0.008144944,1,fac2,1
v000682,0.1489204233,0.7291801147,-0.130955835,-0.113125933,-0.100691556,-0.397660713,1,fac2,1
v000683,0.1094772162,0.2607268685,-0.362224543,-0.006681069,-0.007669077,0.1753602612,1,fac3,-1
v000684,0.434221681,-0.100897043,-0.124162351,-0.013438316,-0.026101206,0.0846248408,1,fac1,1
v000685,-0.240544439,0.5571728288,0.8054454538,0.0892538225,0.2822696047,-0.013790939,1,fac3,1
v000686,0.1010441904,-0.483415366,0.8834519109,-0.115108406,-0.161465618,-0.275852706,1,fac3,1
v000687,-0.157527476,-0.240346805,0.2572668478,0.0366097493,0.6313339948,0.1206757625,1,fac5,1
v000688,0.3385014034,0.0966399945,0.1998159602,-0.007219244,0.0572717973,-0.018737931,1,fac1,1
v000689,-0.356625496,-0.086637365,-0.213747726,0.282333171,-0.240647747,0.2107984191,1,fac1,-1
v000691,0.3958017389,0.0798981545,0.0565602171,0.1254132831,-0.218454968,-0.078681968,1,fac1,1
v000692,0.0747118442,-0.007350379,-0.184549222,0.9888058505,-0.214218582,0.0478696293,1,fac4,1
v000693,0.2956490809,-0.28984532,-0.0060272,-0.24615491,0.5082281408,-0.169453323,1,fac5,1
v000694,0.0491399111,0.7184606024,0.0229104423,-0.092768479,-0.115774071,-0.165154914,1,fac2,1
v000695,0.0053203234,0.3956453892,-0.001364098,-0.263022939,-0.20617513,-0.229187051,1,fac2,1
v000696,0.1148761669,0.4076550215,-0.104238921,0.6497475113,0.1053013092,-0.171608216,1,fac4,1
v000697,0.3205514434,0.1857975566,-0.021082649,-0.028392056,-0.076911481,0.0431483403,1,fac1,1
v000698,0.3282863666,-0.047521097,-0.076763439,0.077544018,-0.319464409,-0.001993887,1,fac1,1
v000699,0.3732500669,0.0538313189,-0.068670089,0.1623907784,0.1696576511,0.0627496446,1,fac1,1
v000700,0.0511741549,0.3492837308,-0.080140382,-0.021030177,-0.124910468,0.2418174498,1,fac2,1
v000701,0.0377965751,0.5614823286,-0.233612871,-0.017556169,-0.201110035,0.319322511,1,fac2,1
v000702,0.3234811689,0.0716451615,0.2368986124,-0.089376472,0.0905662181,0.2083721806,1,fac1,1
v000703,0.1993141138,0.0884581755,-0.233310729,-0.214724963,-0.116430138,-0.184947646,0,,
v000704,0.056820508,-0.144249825,0.1663803356,-0.206280595,0.4060927895,0.1805144117,1,fac5,1
v000705,-0.512778048,-0.142713947,-0.404337308,0.3527026034,-0.288726413,-0.27540229,1,fac1,-1
v000706,0.2890453462,0.4960488466,-0.132090571,-0.091404977,0.0642979301,-0.267883884,1,fac2,1
v000707,0.1082741577,0.3517048794,-0.12945119,0.1772418151,-0.107280737,0.2149285491,1,fac2,1
v000708,0.2366900134,0.084764789,-0.143020066,-0.054266386,-0.244447938,-0.032821928,0,,
v000709,0.2034430778,-0.304775574,-0.007643169,-0.096606099,0.0500757218,0.422682856,1,fac6,1
v000711,0.055148934,0.2923575439,0.1431506244,0.2316574859,-0.084414224,0.1855090286,0,,
v000712,0.0216427434,-0.112807311,-0.271421772,-0.167835182,0.336871323,-0.160982959,1,fac5,1
v000713,-0.105040822,0.6383483663,-0.075427995,-0.033422769,-0.061638123,0.1099532329,1,fac2,1
v000714,-0.621355977,0.4841245647,-0.224710324,-0.229143104,-0.215606459,0.1655592829,1,fac1,-1
v000715,-0.070479086,0.6198708218,0.0149958029,-0.077860792,-0.089672685,0.1502915835,1,fac2,1
v000717,0.3498253333,0.0808457269,0.2724595731,0.1822688729,0.155873074,-0.115587224,1,fac1,1
v000718,0.2943444436,0.1656399284,-0.153950782,-0.253207256,-0.428625532,-0.195682616,1,fac5,-1
v000719,0.1900816799,0.2508975806,-0.117492714,0.0304065866,-0.203520498,-0.042008803,0,,
v000720,0.1346055832,0.0888619295,-0.221932323,-0.086899451,-0.0951603,0.0860071017,0,,
v000721,0.5966443962,-0.13494256,-0.000675289,-0.22237413,0.0901896762,0.0272819997,1,fac1,1
v000723,0.3740930893,0.145462074,0.0014435975,-0.056772062,0.2368234345,-0.138564733,1,fac1,1
v000724,0.4936167256,0.1427682881,-0.028041649,-0.142739173,-0.069731986,-0.098225075,1,fac1,1
v000725,0.0579273827,-0.390738211,-0.359020165,0.2052725005,0.7567576274,-0.295482415,1,fac5,1
v000726,-0.202833951,-0.260410559,-0.171083881,0.0373787322,-0.061665541,1.5681795972,1,fac6,1
v000727,0.3146279952,0.0556044466,-0.13334492,-0.102538706,0.318728423,-0.17955684,1,fac5,1
v000728,0.1169401916,0.2350349496,0.0723588289,-0.120955256,-0.034702928,0.085945776,0,,
v000729,-0.830857492,-0.306824968,-0.356255559,-0.234517955,-0.276365488,-0.115315103,1,fac1,-1
v000730,0.0525323763,-0.093173439,-0.104524664,-0.202126929,0.9456850975,-0.365221391,1,fac5,1
v000731,0.2909403411,0.3434078553,0.1843740502,-0.056747604,-0.061312388,-0.247161705,1,fac2,1
v000732,0.1465101264,0.1160988068,-0.167894112,0.0783844176,-0.1467365,-0.017856812,0,,
v000733,0.3539261043,-0.230347435,-0.249863903,0.0244744134,0.0315226439,0.0221066836,1,fac1,1
v000734,0.1209247933,0.2086141368,0.1310752477,-0.034933981,0.3537295263,0.2234524038,1,fac5,1
v000735,-0.27230389,-0.522532443,0.8280736514,0.0793766745,-0.135977463,-0.189261729,1,fac3,1
v000736,-0.45670409,-0.214182401,-0.409776039,0.0634591417,-0.02570438,-0.200762913,1,fac1,-1
v000737,0.3318576732,0.2146776075,-0.084849515,-0.205061932,0.0454650133,-0.093668416,1,fac1,1
v000738,0.1363380809,0.0237372784,-0.028337858,0.4731452432,0.1011566625,0.1072712342,1,fac4,1
v000739,-0.155548156,0.2811584668,0.0095588837,0.7231765464,-0.311778683,-0.041508393,1,fac4,1
v000740,0.2040928522,0.3368037115,0.1085313063,0.1102519665,-0.055920872,0.0795393602,1,fac2,1
v000741,0.1925822767,-0.092951276,0.6153401346,-0.064825635,0.2474422578,-0.260063143,1,fac3,1
v000742,0.4637549025,-0.127969292,0.1856580614,-0.116097787,-0.282707159,0.2334098723,1,fac1,1
v000743,0.4202461939,0.3294605138,-0.086119706,0.2753029305,-0.137423145,-0.227495918,1,fac1,1
v000744,0.2588458445,0.1837928671,-0.106451261,0.0401254191,0.102190781,0.0091855744,0,,
v000745,0.126247383,-0.470877786,-0.359458217,-0.081416869,0.8804963787,-0.058275389,1,fac5,1
v000746,-0.693936669,0.0522969391,0.0902439814,0.1356257388,0.8293237495,-0.054522537,1,fac5,1
v000747,0.4274688795,0.1233854941,0.0390510013,-0.096398862,-0.253172295,0.02378854,1,fac1,1
v000748,0.4010097588,0.2025077066,0.0845203899,0.26075376,0.0449581786,-0.06983703,1,fac1,1
v000749,-0.299288847,-0.391896988,-0.283463574,-0.079929554,-0.194092729,-0.117826583,1,fac2,-1
v000752,0.1953636967,0.3579535372,-0.142237218,0.1397362321,0.1014780892,-0.019333149,1,fac2,1
v000753,0.3903649368,0.2595567703,0.0302549063,0.1640940954,-0.124635306,-0.147581246,1,fac1,1
v000754,-0.016443714,0.1663938708,-0.014487198,0.0786710702,0.1800697443,-0.159960971,0,,
v000755,-0.018220882,0.1942203403,-0.173755068,0.6668690101,-0.141359265,0.0517154073,1,fac4,1
v000757,-0.03413822,0.2902279276,0.4828389078,0.0336847163,0.0965251482,0.0901785773,1,fac3,1
v000758,-0.109900943,0.4823192012,-0.060328378,0.2353576426,0.1078340499,0.3322302662,1,fac2,1
v000759,0.3638996365,-0.176361874,0.2322588734,0.0535732114,0.0693507225,0.0517269561,1,fac1,1
v000760,0.1356827688,0.1499696579,0.0819329413,-0.119343596,0.074418732,0.1936642695,0,,
v000761,0.5061883182,0.0478870579,0.0508432694,0.0136744289,-0.080168119,-0.139317255,1,fac1,1
v000762,0.0368878298,0.4038932634,-0.10163076,-0.109076252,0.067277555,0.4306380191,1,fac6,1
v000763,0.291097019,0.1155276661,-0.119242394,0.3082131728,-0.424240852,-0.148777248,1,fac5,-1
v000764,0.3207063357,0.3233723116,0.1818198977,0.1091721748,0.0856261922,-0.133395767,1,fac2,1
v000765,0.3529169588,0.0029607169,-0.057839519,-0.051463169,-0.030548436,0.0605496976,1,fac1,1
v000766,0.1686855637,-0.136722753,-0.180771356,0.3299097896,-0.130052616,-0.002093316,1,fac4,1
v000767,-0.352322605,-0.248487571,-0.113490603,-0.111235069,-0.103152833,1.3502863415,1,fac6,1
v000768,0.0667874908,-0.249636379,-0.24845493,0.090360368,-0.069083001,1.1573063879,1,fac6,1
v000769,0.2765860324,0.1310618094,-0.079265042,-0.116235635,-0.01245075,0.1194690326,0,,
v000770,0.1758545043,-0.104627892,0.7156034294,-0.034880992,0.2069054947,-0.155883132,1,fac3,1
v000771,0.4111159502,0.1035820129,0.0503119045,0.1511995239,0.1295074549,-0.025246588,1,fac1,1
v000772,0.0600959585,0.2272743424,-0.161142305,0.3499541055,-0.125879461,0.032327577,1,fac4,1
v000773,0.2727970733,-0.339766231,0.5164305588,0.3067907325,0.3699352767,0.1309583583,1,fac3,1
v000774,0.2934354482,-0.357834835,-0.022731966,-0.277585815,0.0843321565,0.0420051344,1,fac2,-1
v000775,-0.205332322,-0.270924599,-0.127038537,-0.326541268,-0.257670859,-0.020398867,1,fac4,-1
v000776,0.2544126768,0.1823347819,-0.043623405,-0.042166659,-0.111768614,0.0360450356,0,,
v000777,0.0543814523,-0.11558616,0.6377021005,0.3540764372,0.270152423,0.1217352654,1,fac3,1
v000778,0.3378559813,-0.108643552,0.1697389246,-0.026612864,-0.157710235,0.0341211282,1,fac1,1
v000779,0.2030284469,0.3698958914,-0.177237547,0.2398274256,-0.128863994,0.0233544919,1,fac2,1
v000780,0.0431693416,0.4807186782,-0.033352688,0.4711829457,-0.162411833,0.4602426232,1,fac2,1
v000781,0.1424629124,-0.248689495,-0.185887243,-0.070529423,0.0979861219,0.0990237252,0,,
v000782,0.4059559439,0.183347263,0.2272936371,-0.170336252,0.0358130365,-0.050318232,1,fac1,1
v000783,0.4289462056,-0.09312061,0.2039618397,0.2970839944,-0.017987236,-0.041995519,1,fac1,1
v000784,0.235152806,0.2526848373,-0.134518697,0.514163836,0.0364096487,0.0106220799,1,fac4,1
v000785,-0.082190883,0.7605120768,-0.135599751,-0.124156002,-0.049102827,0.1922036875,1,fac2,1
v000786,-0.0398991,0.2483289465,0.0822458916,-0.321907606,0.2443407446,0.578092616,1,fac6,1
v000787,0.1680345389,0.0166429537,-0.296447134,0.1007095132,0.4145943464,0.1214668777,1,fac5,1
v000788,0.2742177923,0.1134507572,-0.032885631,0.0976178832,0.2037957077,0.0425153086,0,,
v000789,0.4257207519,-0.140420561,0.0316221656,-0.094570476,0.1282674022,0.1670550248,1,fac1,1
v000790,0.4067668266,-0.111802696,-0.015527811,0.0171019236,-0.265757444,-0.04836926,1,fac1,1
v000791,0.4703616587,0.1050837043,-0.21261851,-0.162360312,0.3869044849,-0.007820453,1,fac1,1
v000792,0.2511507752,0.1092241109,0.0337816845,0.0658404579,0.0053485437,0.2560543367,0,,
v000793,0.3036470005,0.0184906159,0.1461930506,0.0131244063,0.0179541459,-0.215964965,1,fac1,1
v000795,0.1014694466,-0.166292523,0.070150065,0.8473609717,0.0554494603,-0.232542769,1,fac4,1
v000796,0.2495197511,0.3674564869,0.0311479956,0.12004142,-0.179132478,0.1270822613,1,fac2,1
v000797,0.3508993459,0.0074490624,0.153590485,-0.016519917,0.0813180732,0.0060071295,1,fac1,1
v000798,0.3337827451,0.3318893579,-0.036341605,-0.171962035,-0.064539364,-0.080684708,1,fac1,1
v000799,0.414384986,-0.115178082,-0.047590825,0.3922746637,0.1501525684,-0.126894517,1,fac1,1
v000800,0.1539521092,0.4662306229,-0.005752263,-0.151860336,0.2126822121,-0.060100438,1,fac2,1
v000801,-0.029892016,0.6683601243,-0.007250908,-0.144314931,0.1370438561,-0.12335739,1,fac2,1
v000802,0.1828591111,-0.164631475,0.016446594,-0.045294932,0.7597370688,-0.191943696,1,fac5,1
v000803,0.38123954,0.1496866298,0.1392557764,-0.041526702,0.1314584875,-0.056367465,1,fac1,1
v000804,0.1347744357,0.5923817867,-0.000536869,-0.197481716,0.1067149134,-0.259894649,1,fac2,1
v000805,0.1876865219,0.3239484149,0.0648879143,-0.092245408,-0.255946255,-0.083905771,1,fac2,1
v000806,0.0526621015,0.3309196632,-0.021859512,-0.052496187,0.0556674923,0.1358950442,1,fac2,1
v000807,0.1983653878,0.3580124611,-0.064804104,-0.30582524,-0.212538484,0.0759199514,1,fac2,1
v000809,0.2550523565,-0.15781203,-0.094099759,-0.051141942,0.0503431423,0.3312188075,1,fac6,1
v000811,0.5063429159,-0.14335334,-0.132677164,0.055647955,0.0191632653,0.2366509413,1,fac1,1
v000813,0.1523047545,-0.079869847,-0.062948666,-0.176237691,0.1239129733,0.1980207338,0,,
v000814,0.2266716456,-0.053659562,0.0840910176,0.0309669815,0.2919297548,0.7099616198,1,fac6,1
v000815,0.0214690599,0.0459145699,-0.11716607,-0.228213087,0.0300437795,0.809792058,1,fac6,1
v000816,0.1960747847,0.0883406455,0.0917800347,-0.061741066,0.0595544061,0.0185425013,0,,
v000817,0.1743653341,0.1139948316,0.6444623322,0.3128960068,0.0949751621,-0.069500912,1,fac3,1
v000818,0.187101393,0.2983933315,-0.237777034,-0.005533203,0.3318236156,0.1956083946,1,fac5,1
v000819,0.3742735605,-0.104427051,-0.065222479,-0.198911826,0.4106843171,0.1988773873,1,fac5,1
v000820,0.1874427373,0.014644888,0.5768053309,-0.22898052,0.1004123162,0.1100947145,1,fac3,1
v000821,-0.106969674,-0.023531296,-0.311931433,-0.472285629,0.3165758957,-0.065744416,1,fac4,-1
v000822,0.271429866,-0.045726088,-0.161708728,-0.171811516,0.3524384651,0.0408329192,1,fac5,1
v000823,0.2980194477,0.1019775529,0.0076922171,-0.134120822,0.0241078223,0.2635780446,0,,
v000824,0.2776185548,-0.012420093,0.1004148828,-0.012352219,0.0623872592,0.0699157834,0,,
v000825,-0.139951012,-0.134293875,-0.000293859,-0.255927669,0.1884327861,0.4037142427,1,fac6,1
v000826,0.2351352779,0.0589328092,0.0060478762,0.0191614147,0.0318624321,0.0030975782,0,,
v000827,0.1493780008,0.5417616612,-0.132149055,-0.094383752,-0.138823888,0.1972968778,1,fac2,1
v000828,0.374990396,0.1120124227,-0.122580119,-0.186734992,0.2422040042,-0.000689145,1,fac1,1
v000829,0.0466226695,0.8359796188,0.0619162986,-0.006916728,-0.109170932,-0.275027956,1,fac2,1
v000830,0.1125909871,0.46653628,0.6222227324,0.0862974579,-0.071435539,-0.203422967,1,fac3,1
v000831,-0.309130279,0.4419496179,0.5460850736,0.0342218211,-0.164227216,-0.384190025,1,fac3,1
v000832,-0.046792881,0.1712025568,0.3916941663,-0.007523103,-0.127513914,-0.045347007,1,fac3,1
v000833,0.607309122,-0.17110308,0.1155045166,0.1178571066,-0.066594565,-0.268130079,1,fac1,1
v000834,0.2223087453,0.2509334884,0.1831378838,-0.334568895,0.1228554631,-0.254130404,1,fac4,-1
v000835,0.1176580268,0.4652262198,-0.069257423,0.2534833175,0.3088626203,0.0833586716,1,fac2,1
v000836,-0.102283315,0.2662324291,-0.185969462,-0.37701026,-0.206265448,-0.003606669,1,fac4,-1
v000837,0.0200547179,-0.072311579,0.1912642152,-0.125670213,0.659645992,0.1782738452,1,fac5,1
v000838,0.1213014133,-0.099906752,0.4737545555,0.1172824813,-0.001751055,-0.056629371,1,fac3,1
v000839,0.0452203027,-0.347416811,0.8414041557,0.1726241834,-0.010684487,0.0244508335,1,fac3,1
v000840,0.2687289333,-0.106831391,-0.254142551,-0.115463847,-0.383593964,-0.226933861,1,fac5,-1
v000841,-0.67018194,0.3219170254,-0.246082729,-0.2687902,-0.116826733,0.1590882094,1,fac1,-1
v000842,-0.078855364,0.3014723828,-0.004312697,0.2817324925,-0.331320512,0.2693538621,1,fac5,-1
v000843,-0.228080031,-0.510662818,-0.240212858,-0.197834777,0.3335401215,0.1698356855,1,fac2,-1
v000844,0.1167193866,0.013181699,-0.095533063,0.0584036904,0.2949272962,0.2061992206,0,,
v000845,0.1091276292,0.2611051063,0.1024050572,0.0312080795,-0.155886788,0.0936933463,0,,
v000846,0.1728012228,0.0300003375,0.0161255139,-0.196899717,-0.210388488,0.0139050552,0,,
v000847,0.3107608791,0.3093228528,-0.021064983,-0.13017336,0.0020786661,-0.001639425,1,fac1,1
v000848,0.0838347067,0.6189589799,-0.075150496,-0.155761394,-0.145121123,0.1424518612,1,fac2,1
v000849,0.3240234413,0.0757120339,0.0783587555,-0.101701662,0.0173246019,0.3995548189,1,fac6,1
v000851,0.7990805199,0.4667448388,0.368533499,0.0895744246,0.1522415731,0.1053565069,1,fac1,1
v000852,0.3538768559,0.1516480501,-0.078623487,0.3746159252,-0.292430515,0.1215219705,1,fac4,1
v000853,0.3774303794,-0.218636593,0.0333475631,-0.099566606,0.2160017677,0.1976617318,1,fac1,1
v000854,0.23201168,0.1217714399,-0.116613491,0.2833626765,-0.255988235,0.2636349769,0,,
v000855,0.2190230436,-0.053274493,-0.161514874,0.4674644106,-0.162946388,-0.27121091,1,fac4,1
v000856,0.3783061253,0.2716726242,0.1046192192,0.3035745078,-0.300756673,0.106443436,1,fac1,1
v000857,-0.615069934,0.0815977417,-0.314861396,-0.11418301,0.0575469221,-0.164733521,1,fac1,-1
v000859,0.2154259816,0.2638101324,-0.087289501,0.5934236465,-0.019662086,0.072014879,1,fac4,1
v000860,-0.288054892,-0.452442099,-0.412554373,-0.274487991,0.2123969114,-0.282146128,1,fac2,-1
v000861,-0.001175084,-0.223878143,-0.051614564,-0.319632862,-0.268029993,0.2174954744,1,fac4,-1
v000862,-0.152815452,-0.322089405,0.5011493252,-0.17994091,-0.097561858,-0.069274629,1,fac3,1
v000863,0.3267102714,0.2269151194,0.2118593693,0.1351529791,0.0182869853,-0.336524767,1,fac6,-1
v000864,0.1079852532,0.5229888571,-0.13855265,0.0099889894,0.2095083846,-0.36272646,1,fac2,1
v000865,0.2925607413,0.0842538349,-0.147336758,-0.108939892,0.1551296815,0.1683674102,0,,
v000866,-0.453382605,-0.131320322,0.8198271845,-0.31643706,-0.110325217,-0.098915444,1,fac3,1
v000867,0.2065587756,0.2136080152,-0.150188906,0.0784463018,-0.013946753,-0.078398254,0,,
v000868,0.024338601,0.3115195878,-0.090907822,0.1081886008,0.0352181936,-0.065747297,1,fac2,1
v000869,0.1651898501,0.2458121978,-0.034269587,0.0739387274,0.1823560472,0.0113995265,0,,
v000870,0.250530976,0.1517451722,-0.071747591,0.0437792678,0.0471772154,-0.027779239,0,,
v000871,0.1361356368,0.114581926,0.0389493462,0.0042788435,0.1100922489,-0.019435407,0,,
v000872,0.2192890075,0.5844448112,0.0285959424,0.1914566118,-0.090780192,-0.062278374,1,fac2,1
v000873,-0.21686968,0.5434804686,-0.142497911,-0.200275726,0.1792932935,-0.033654827,1,fac2,1
v000874,-0.232387992,0.770230276,-0.067218537,-0.041888065,0.0077338302,-0.104367104,1,fac2,1
v000875,-0.104083194,0.0210807079,-0.038644612,-0.018412844,-0.21081521,-0.253106258,0,,
v000876,0.0775831916,0.0488036205,0.3241772309,-0.009628132,0.2830228425,0.2666237293,1,fac3,1
v000877,-0.04255477,0.7305190608,0.0185783338,-0.105038666,0.0110862682,-0.082032105,1,fac2,1
v000878,0.3124026582,0.3564785283,-0.00477001,0.0010679662,0.2565816114,-0.111813864,1,fac2,1
v000879,0.6254727257,-0.138238006,-0.086212733,0.2106542799,-0.165747724,-0.484559622,1,fac1,1
v000880,0.2809553629,-0.234196072,-0.016448218,-0.035510026,0.344655319,0.1899520383,1,fac5,1
v000881,0.2821581699,-0.039356367,-0.200348289,-0.000278702,0.0826099618,0.1757929586,0,,
v000882,0.460339347,0.0557683884,0.0348377214,0.1532088583,0.1979041079,0.1120598268,1,fac1,1
v000883,0.3918894501,0.077773966,0.1793247701,-0.025843034,0.2999349202,-0.213959129,1,fac1,1
v000884,0.2989557613,-0.188811978,0.1521883636,0.215903082,0.0267971123,0.085616283,0,,
v000885,0.1909428999,-0.08754005,-0.167243153,-0.075251787,0.9190897001,0.0887988023,1,fac5,1
v000886,0.209329263,-0.014190282,0.0849360772,0.0997457334,0.1091962238,0.1030343413,0,,
v000887,0.1789889346,0.4459361657,0.0204006382,0.0232153707,-0.043926333,-0.003815566,1,fac2,1
v000888,0.1610237067,0.3068345966,-0.072611634,0.0181714235,-0.047334159,0.684337633,1,fac6,1
v000889,0.0453766939,-0.119994544,-0.069001271,0.137048997,0.1702858734,0.5253354703,1,fac6,1
v000890,0.2562047664,0.0858092325,-0.078199803,0.0460859172,0.0645332699,0.0204292636,0,,
v000891,0.4895721896,0.0440010774,0.0097401246,-0.00353034,0.1424685258,-0.037962028,1,fac1,1
v000892,0.3204936364,0.1111148244,0.088190105,0.0583696772,0.0764997211,0.4409508175,1,fac6,1
v000893,-0.712590205,-0.490735874,0.9317764031,-0.280943292,-0.243925476,-0.164478716,1,fac3,1
v000894,0.3560418173,0.0881711797,0.2008807449,0.0952817022,0.0470629107,0.017481851,1,fac1,1
v000895,-0.641132321,-0.084180364,-0.07626944,-0.351635542,-0.160034152,-0.275854161,1,fac1,-1
v000896,0.4187658879,0.1672483079,0.2410283252,0.3894849169,-0.095428208,-0.017438252,1,fac1,1
v000897,0.1580148798,0.2916889342,0.0007019297,0.5421998875,0.0014773644,-0.129249182,1,fac4,1
v000899,0.1048752087,0.184214463,0.4972367779,-0.084530136,0.1254661083,0.021100578,1,fac3,1
v000900,-0.138419252,0.0814209845,-0.10908418,-0.236724347,-0.20083252,-0.052786052,0,,
v000901,0.3107391606,0.087321088,-0.057484344,-0.065281942,0.1255357813,0.1559080857,1,fac1,1
v000902,0.1456802774,0.1063028218,-0.170590436,0.7463385314,-0.00913747,0.6375362379,1,fac4,1
v000903,-0.256509956,-0.227479599,-0.373800222,0.6985907721,0.0142065476,0.1016063357,1,fac4,1
v000904,0.4450286786,-0.007909795,0.0233426921,0.2819614758,-0.107982184,0.3326209305,1,fac1,1
v000905,0.6359717842,-0.11166789,-0.101923142,-0.216412693,-0.37733958,-0.279958098,1,fac1,1
v000906,-0.401654781,0.1104747116,-0.228127322,0.0294290753,0.053091369,0.4008193516,1,fac1,-1
v000907,-0.042934063,0.8044610345,-0.043861871,0.0547852986,-0.018746162,-0.108745969,1,fac2,1
v000908,-0.191565701,0.7899108237,-0.032370462,-0.186246565,0.0488974231,-0.334291131,1,fac2,1
v000909,-1.037068763,-0.08131658,-0.305676574,-0.30177867,-0.268487118,-0.00408277,1,fac1,-1
v000913,0.1659161787,0.1744794008,0.0472799686,0.0803146344,0.3664893559,0.2421405427,1,fac5,1
v000914,-0.109945727,-0.015670971,-0.118334078,-0.147578956,-0.233736267,0.2279996136,0,,
v000915,0.110290321,0.1536812952,-0.075822269,0.0093018262,0.1738603891,0.0527870417,0,,
v000916,-0.53890474,0.0023663229,-0.042052556,0.152283932,-0.165845601,-0.370018711,1,fac1,-1
v000917,-0.061297224,0.4457854922,0.1406007506,-0.004779849,0.0692051769,0.7100985521,1,fac6,1
v000918,-0.210451468,0.6492831251,0.0135654431,-0.259324343,0.2348000289,0.1147970266,1,fac2,1
v000920,0.0139239031,-0.150695142,-0.227246084,0.6146232047,-0.416377292,0.0640091813,1,fac4,1
v000921,0.2600398175,-0.009850521,0.115206236,0.0573612806,0.0787854363,0.070021368,0,,
v000922,0.1733889211,0.1572369105,0.750208129,-0.016516716,-0.195294805,0.1104480754,1,fac3,1
v000923,-0.319490683,-0.159294584,0.3148565305,-0.156600953,-0.098013684,0.0660274871,1,fac1,-1
v000924,-0.075308378,0.342779869,-0.051097998,-0.291779081,0.6287003368,-0.160478185,1,fac5,1
v000925,0.1567137614,0.0128750305,0.1021126374,-0.096543908,0.3545647081,0.3193221342,1,fac5,1
v000926,0.4149072054,-0.132777258,0.3659311009,-0.148217736,-0.429741163,0.179454516,1,fac5,-1
v000927,-0.109212575,0.1661788879,-0.215485722,0.349045248,-0.181499623,0.0659142365,1,fac4,1
v000928,-0.266668168,0.4324244163,-0.084610316,0.0611018781,-0.138865066,-0.007627326,1,fac2,1
v000929,0.2355822398,-0.009669808,-0.240945819,-0.198399941,0.0852411006,-0.023189371,0,,
v000930,0.0494988346,-0.29915659,-0.163053376,0.912801474,-0.111959773,-0.029026671,1,fac4,1
v000931,-0.429356971,0.6418531566,-0.012504292,0.0842074304,0.1089235615,-0.191684018,1,fac2,1
v000933,0.3043009398,0.1729279178,0.1782600643,0.2647108057,-0.187748609,0.2331491849,1,fac1,1
v000934,0.1961120952,0.5150777553,0.0006891471,0.0721632066,0.2868421509,0.0628300131,1,fac2,1
v000935,0.0145553398,0.2062557399,-0.227914549,-0.15174685,0.658772103,-0.069427822,1,fac5,1
v000936,0.4012558202,0.1713347548,-0.055000532,0.1985221325,0.0079583238,-0.196257271,1,fac1,1
v000937,0.3036630272,-0.131642808,0.1841896145,-0.034278775,0.2401673161,0.0872803613,1,fac1,1
v000938,0.310038935,0.083819488,0.2401824928,-0.072245602,-0.246630044,0.02644907,1,fac1,1
v000939,0.1691899583,0.3057909452,-0.14803313,-0.215642923,-0.191354648,0.2896732374,1,fac2,1
v000940,0.0526061772,-0.31384343,-0.327191625,-0.118310298,0.9477801889,-0.357284723,1,fac5,1
v000941,0.3059726924,0.067993026,0.0246112739,-0.079383412,0.0424686675,0.1727187885,1,fac1,1
v000942,0.3093928264,-0.015525999,-0.108922696,-0.053634828,0.1147450353,0.1196619562,1,fac1,1
v000943,-0.055845915,0.0348531753,-0.034857991,-0.106228985,-0.025132959,-0.093728803,0,,
v000944,0.120152875,-0.274656434,-0.226238382,0.3101141665,-0.519943835,0.3117584828,1,fac5,-1
v000945,0.1770782937,-0.296535665,-0.23444836,0.4282183707,-0.11085512,0.3439155138,1,fac4,1
v000946,-0.019040789,0.2261306829,-0.10686898,0.0514296978,-0.446513933,-0.097054895,1,fac5,-1
v000947,0.0634329583,0.1954126699,-0.129163067,-0.15870554,-0.252248262,-0.03683461,0,,
v000948,0.2631417647,0.1267164415,-0.258638641,-0.179915554,-0.052541281,0.2049241544,0,,
v000949,0.2682789641,0.1562057137,-0.011340581,0.1590404097,-0.104572913,-0.132873354,0,,
v000950,-0.427650899,-0.61834152,-0.500978075,-0.226635862,0.0550806841,-0.036607287,1,fac2,-1
v000951,0.2171529954,-0.207026541,0.5991775371,0.0499367024,0.2829961972,0.0121831608,1,fac3,1
v000952,0.2532004012,0.2598068006,-0.04208518,0.2055203216,0.165400655,0.0802055374,0,,
v000953,0.1663832453,-0.057863181,-0.138507325,-0.609767412,0.1859352968,0.3395827161,1,fac4,-1
v000954,-0.532023383,-0.035337675,0.2975046806,-0.216749419,0.1034655625,-0.23361631,1,fac1,-1
v000955,0.2665264147,-0.004984983,-0.009874948,0.0256322568,0.2743246733,0.2015726324,0,,
v000956,-0.010991499,0.0711598866,0.2827945018,0.0254299313,0.3660090707,0.1951993422,1,fac5,1
v000957,0.3965670439,-0.009357341,0.0113587511,0.0831557875,-0.117686903,-0.045687426,1,fac1,1
v000958,0.1611188896,0.3099975943,-0.124163892,0.4189085802,-0.063298953,0.0524039993,1,fac4,1
v000959,0.2873201409,0.1699552422,-0.056842408,-0.033156889,0.1915254728,0.1758122279,0,,
v000960,0.4711489322,0.0743419572,0.002856281,0.0746141067,0.0256406904,0.0630922982,1,fac1,1
v000961,-0.362598836,0.7306872119,-0.027591899,-0.003039635,0.08446874,-0.03212297,1,fac2,1
v000962,0.3335707522,0.1354335624,-0.03858786,-0.213602703,0.1004763591,0.2283705963,1,fac1,1
v000963,0.1481581347,0.2203417726,-0.15721755,-0.021472228,-0.217296719,0.0193577605,0,,
v000964,0.2295410835,0.0453170756,0.0210468659,0.1537213826,-0.150263591,0.3986554385,1,fac6,1
v000965,0.2684903908,-0.011543972,-0.14413447,0.0784085672,-0.097457248,0.2810166043,0,,
v000966,0.2166724151,0.2852275158,-0.080277436,0.5980500521,0.1689082993,-0.084485687,1,fac4,1
v000967,0.4211355585,-0.022587025,-0.150866025,0.192300438,0.0164924496,-0.099347402,1,fac1,1
v000968,0.1238078795,0.3428388978,-0.045758855,0.039258545,0.1727129995,0.0342976776,1,fac2,1
v000969,0.6364634277,0.170865738,-0.167571803,-0.042324655,-0.133026202,-0.31101718,1,fac1,1
v000970,0.3317535047,0.1030771512,0.216959062,-0.115399175,-0.050267392,0.315283399,1,fac1,1
v000971,0.5688955448,-0.086586531,0.0253792248,0.1125214907,-0.079323014,-0.134068185,1,fac1,1
v000972,-0.593152265,-0.368857007,0.8240201971,-0.212750636,0.0497760548,-0.057139806,1,fac3,1
v000973,0.3353564349,0.0643239043,0.1017322675,-0.062801491,0.1325398481,0.0539028639,1,fac1,1
v000974,0.0798214313,-0.263983852,-0.369037693,-0.448747886,0.4176589532,0.1245053302,1,fac4,-1
v000977,0.239255379,-0.053956957,-0.223272444,-0.043850367,0.0764329539,0.3021564927,1,fac6,1
v000978,0.2470332399,-0.197644923,-0.407065024,-0.055848347,0.1103111228,0.2100862542,1,fac3,-1
v000979,-0.222300067,0.7930722732,-0.236431894,-0.200802275,-0.111021453,0.1918409961,1,fac2,1
v000980,0.16727443,-0.278333393,-0.228453206,-0.226581365,-0.044678988,-0.281817274,0,,
v000981,0.0329618811,-0.503213202,-0.204243673,-0.171786034,-0.306477082,-0.413964337,1,fac2,-1
v000982,0.4164781208,-0.01153663,-0.089642652,0.0149407593,-0.013786116,0.0962822237,1,fac1,1
v000983,-0.657300956,0.2149800117,-0.239453804,0.4526654736,-0.020728903,-0.062159529,1,fac1,-1
v000984,0.4574700158,0.0726231762,-0.050712616,-0.124667602,0.0183674575,0.0637057794,1,fac1,1
v000985,-0.362369536,-0.262052888,0.055152288,0.3625933368,-0.487988746,-0.207641184,1,fac5,-1
v000986,0.359432132,0.1228819685,-0.204641358,0.3564841553,-0.263563144,0.2077563629,1,fac1,1
v000987,0.1601480555,0.2003979259,-0.218907012,0.3928725534,-0.066473818,0.1050357222,1,fac4,1
v000988,0.256414014,-0.129831867,0.3251841401,-0.263607709,-0.048979716,0.6280682848,1,fac6,1
v000989,-0.070249358,-0.100651597,1.0545904205,0.0039180379,0.0423391606,-0.076603788,1,fac3,1
v000990,0.3849221213,0.0154786675,-0.034692874,-0.009887831,0.0199204687,0.0989978823,1,fac1,1
v000991,0.5957867202,0.2027697793,-0.170420085,-0.040679025,-0.103519892,-0.255787317,1,fac1,1
v000992,0.2773500287,0.0604710678,-0.13926074,-0.116322746,-0.052336492,-0.158323992,0,,
v000993,-0.180071279,-0.222567869,0.8516219186,0.0003754238,0.6350922633,-0.033121012,1,fac3,1
v000994,-0.057470394,0.1029854493,-0.092197252,0.2240401185,0.5853561506,0.0053527845,1,fac5,1
v000995,-0.491633888,-0.125204036,-0.264754235,-0.131473891,0.2278702551,-0.171162123,1,fac1,-1
v000996,0.1882356221,0.3729785992,-0.085540544,-0.06810568,0.1922559,0.1409319825,1,fac2,1
v000997,-0.308031997,0.41830569,-0.069364552,0.1488355628,0.3043005231,-0.008549039,1,fac2,1
v000998,0.5477089983,0.0353323728,0.1230334501,-0.048400593,-0.169218666,-0.019346025,1,fac1,1
v000999,0.2218529721,0.5200561279,0.0162619193,0.1456480135,-0.292123224,0.0424272168,1,fac2,1
v001000,0.2135556026,0.2975426455,-0.096998721,-0.073231441,-0.050382044,0.0636036668,0,,
v001001,0.4690337567,-0.075416059,-0.219970648,0.0438446173,-0.202221755,0.1910607377,1,fac1,1
v001002,0.0906021104,0.2365546406,0.3232173525,0.0812521629,0.1138551936,0.0390529394,1,fac3,1
v001003,0.298784038,0.0945964072,-0.245745607,-0.025839412,-0.025096423,0.0951294212,0,,
v001004,0.255985314,0.2789295403,-0.066787153,-0.275994253,-0.350100713,-0.13876773,1,fac5,-1
v001006,0.1070451429,-0.223282061,-0.344735623,-0.334002239,-0.040129923,0.1587726204,1,fac3,-1
v001007,-0.102102342,-0.06607176,-0.130540977,-0.059704337,-0.31485254,-0.122045942,1,fac5,-1
v001008,0.3911180249,-0.417538673,-0.146750834,-0.019780196,-0.140183715,-0.140963357,1,fac2,-1
v001009,0.1007601989,0.1558737833,-0.045442,0.0772508541,0.156210135,0.5363853853,1,fac6,1
v001010,0.0047675217,0.1312277964,-0.169097517,0.7437155769,0.0137063361,0.2584658879,1,fac4,1
v001011,-0.28631569,0.118892922,-0.200437539,-0.56325021,-0.054886923,0.3013166755,1,fac4,-1
v001012,-0.029021557,0.4016061912,-0.195968188,-0.050419896,-0.003853516,0.1548183605,1,fac2,1
v001013,-0.55162503,0.3540243014,-0.137309642,-0.243719872,0.0175047204,-0.057204444,1,fac1,-1
v001014,0.3436871959,0.1448497548,-0.205447765,-0.135028612,0.2418582382,-0.021529497,1,fac1,1
v001015,0.4600029272,0.1019817163,-0.215509204,0.0293153433,-0.007405279,-0.057052089,1,fac1,1
v001016,0.3429489594,0.0104029579,0.0716319217,-0.177148244,0.0803648822,0.0598323981,1,fac1,1
v001017,0.0210356827,0.1981715579,-0.086483118,-0.036602622,0.1371589598,0.1712301976,0,,
v001018,0.3634787877,0.2604015761,0.1086651982,0.2608932909,-0.295731642,0.1062198992,1,fac1,1
v001019,0.4531117896,-0.049877628,-0.155389726,-0.126057328,-0.262029759,-0.309370511,1,fac1,1
v001021,-0.344563769,-0.078826036,0.5149865355,0.1894737912,0.0517785118,0.0662301753,1,fac3,1
v001022,0.1495427845,-0.216019393,0.0979371513,-0.047329121,0.2404942969,0.2205308005,0,,
v001023,-0.062449589,0.0436062747,-0.024750557,-0.214760307,-0.342430661,-0.043019221,1,fac5,-1
v001024,-0.019366265,-0.419940526,-0.163839596,-0.096277926,-0.276134173,-0.277372102,1,fac2,-1
v001025,0.3901819525,0.1043319758,0.3145915943,0.4287950539,-0.133390079,-0.08877691,1,fac4,1
v001026,-0.408983583,0.2044251171,-0.29082307,0.5828517607,0.3036624946,-0.195298532,1,fac4,1
v001027,-0.467022758,0.1797426665,-0.217007324,0.5006037266,0.2934089265,-0.151767193,1,fac4,1
v001028,0.3469588437,-0.059367979,0.0227634674,0.0766197,0.0461104099,-0.04592935,1,fac1,1
v001029,0.1588515988,-0.063528502,-0.265628634,-0.266063985,0.6852548358,0.0825109256,1,fac5,1
v001030,0.1959302356,0.1846282867,-0.003082753,0.0687337834,0.2118453011,0.1941383317,0,,
v001031,0.3217032441,0.1155595582,-0.061780605,-0.353854171,0.2106167009,0.2815482513,1,fac4,-1
v001032,0.3767726493,0.0906286014,-0.111537888,0.0375763869,0.1658750587,-0.098242452,1,fac1,1
v001033,0.0203914693,0.0675806606,-0.004272838,-0.501876325,0.4594309886,0.0072169969,1,fac4,-1
v001034,-0.105773417,-0.089135023,0.6856913399,0.4592326578,-0.030991672,0.3944884228,1,fac3,1
v001035,0.3036654517,0.3924269453,-0.09774786,-0.281237005,-0.168159819,0.0777205757,1,fac2,1
v001036,-0.113497785,0.2925127574,-0.124833501,-0.376006832,-0.21854578,0.059879517,1,fac4,-1
v001037,-0.324999186,-0.087542867,-0.193209458,-0.115981782,-0.24248281,-0.114016141,1,fac1,-1
v001038,0.1867780056,0.4418921197,-0.075244549,-0.031501,-0.004677094,0.2495223743,1,fac2,1
v001039,-0.051767307,0.0643934274,0.1049693795,-0.051623885,-0.328430949,-0.290121867,1,fac5,-1
v001041,-0.670441071,-0.448370645,0.7246061282,-0.119829134,0.493209414,-0.241176044,1,fac3,1
v001042,0.4666725506,-0.20240749,-0.068295379,0.0484560377,0.1062482875,-0.205707496,1,fac1,1
v001043,0.3701955783,-0.258511154,-0.277826211,-0.319661335,0.0243455072,0.0352071357,1,fac1,1
v001044,-0.352559629,-0.267185284,-0.325729663,-0.201756322,-0.263233101,-0.176625978,1,fac1,-1
v001045,0.44255835,-0.184412998,-0.077438593,0.2653587268,0.0966894916,0.2163089212,1,fac1,1
v001047,0.3255732238,-0.062773995,0.1828392718,0.2239793164,-0.086323713,-0.01337849,1,fac1,1
v001048,-0.080501827,0.4453753828,-0.181404158,0.112713643,-0.094404595,0.3976047617,1,fac2,1
v001049,0.3194137429,-0.089016957,0.4033292251,-0.171994785,0.1246215354,-0.132891051,1,fac3,1
v001050,0.1312772742,0.1830984705,0.2851586616,0.0642843195,0.5201450668,-0.046270764,1,fac5,1
v001051,0.4538983905,0.1146567094,0.38326925,-0.085662674,-0.148563887,-0.156282326,1,fac1,1
v001055,0.151361991,0.3052045704,0.1688876007,0.5075199616,0.2435812832,-0.088953359,1,fac4,1
v001056,-0.46762064,-0.127283415,-0.28864852,0.4358865053,0.4175273549,0.0007051103,1,fac1,-1
v001057,0.2063278972,0.0147158143,-0.200858443,-0.14281688,-0.523017351,0.1418563443,1,fac5,-1
v001058,0.192043719,0.2100427971,-0.041420229,0.9773292672,-0.282859197,-0.215987903,1,fac4,1
v001059,0.4003782676,-0.133243448,0.2425987962,0.1673517123,-0.009209584,-0.040321052,1,fac1,1
v001060,0.4843917397,-0.150662678,-0.093201838,-0.047047238,-0.161606641,0.0950955861,1,fac1,1
v001061,0.2296320463,0.1418038358,0.0102660093,0.0723788021,0.1083897195,0.0321975093,0,,
