filename	state	group	fac1	fac2	fac3	fac4
t000001	ac	ac	44	10	5	2
t000002	ac	ac	14	0	1	10
t000003	ac	ac	36	11	3	3
t000004	ac	ac	26	3	6	4
t000005	ac	ac	44	10	9	5
t000006	ac	ac	26	2	18	3
t000007	ac	ac	24	6	2	5
t000008	ac	ac	17	5	2	5
t000009	ac	ac	27	5	1	5
t000010	ac	ac	25	15	5	3
t000011	ac	ac	14	6	5	5
t000012	ac	ac	10	1	0	0
t000013	ac	ac	9	-1	1	1
t000014	ac	ac	35	2	15	5
t000015	ac	ac	40	10	6	4
t000016	ac	ac	28	10	4	5
t000017	ac	ac	18	1	4	4
t000018	ac	ac	11	0	1	2
t000019	ac	ac	19	1	2	1
t000020	ac	ac	30	5	4	0
t000021	ac	ac	22	4	3	1
t000022	ac	ac	28	0	3	1
t000023	ac	ac	7	-1	0	5
t000024	ac	ac	9	0	4	0
t000025	ac	ac	17	2	4	1
t000026	ac	ac	30	3	4	1
t000027	ac	ac	15	4	2	3
t000028	ac	ac	22	0	3	0
t000029	ac	ac	15	0	3	4
t000030	ac	ac	9	1	5	0
t000031	ac	ac	54	6	8	4
t000032	ac	ac	33	14	4	2
t000033	ac	ac	22	1	5	3
t000034	ac	ac	12	0	1	2
t000035	ac	ac	21	2	3	1
t000036	ac	ac	30	5	4	0
t000037	ac	ac	25	15	9	1
t000038	ac	ac	16	1	1	0
t000039	ac	ac	13	4	4	1
t000040	ac	ac	7	1	3	-2
t000041	ac	ac	49	2	15	-6
t000042	ac	ac	10	3	1	1
t000043	ac	ac	35	-2	5	0
t000044	ac	ac	9	1	1	5
t000045	ac	ac	25	-3	11	-1
t000046	ac	ac	43	4	8	0
t000047	ac	ac	22	21	3	1
t000048	ac	ac	23	22	2	1
t000049	ac	ac	5	13	1	0
t000050	ac	ac	19	33	7	5
t000051	ac	ac	17	5	4	2
t000052	ac	ac	17	9	10	3
t000053	ac	ac	44	17	9	0
t000054	ac	ac	37	12	13	2
t000055	ac	ac	10	7	2	3
t000056	ac	ac	20	12	0	0
t000057	ac	ac	11	14	2	3
t000058	ac	ac	9	22	3	3
t000059	ac	ac	17	9	1	5
t000060	ac	ac	13	10	0	6
t000061	ac	ac	14	16	4	5
t000062	ac	ac	22	23	1	4
t000063	ac	ac	33	8	6	1
t000064	ac	ac	56	14	8	-4
t000065	ac	ac	22	10	4	0
t000066	ac	ac	21	17	3	0
t000067	ac	ac	16	20	3	0
t000068	ac	ac	42	8	3	2
t000069	ac	ac	11	13	2	0
t000070	ac	ac	17	5	0	2
t000071	ac	ac	25	13	4	1
t000072	ac	ac	47	28	15	0
t000073	ac	ac	27	15	4	-1
t000074	ac	ac	20	11	5	0
t000075	ac	ac	11	9	0	1
t000076	ac	ac	10	5	0	1
t000077	ac	ac	9	10	0	2
t000078	ac	ac	12	21	1	2
t000079	ac	ac	7	15	2	4
t000080	ac	ac	10	24	4	1
t000081	ac	ac	22	26	4	0
t000082	ac	ac	11	24	10	-1
t000083	ac	ac	19	25	4	1
t000084	ac	ac	4	25	4	0
t000085	ac	ac	15	13	4	0
t000086	ac	ac	14	18	3	4
t000087	ac	ac	24	28	10	-4
t000088	ac	ac	50	4	0	2
t000089	ac	ac	13	0	1	0
t000090	ac	ac	16	1	2	0
t000091	ac	ac	19	3	1	1
t000092	ac	ac	20	7	2	1
t000093	ac	ac	33	1	2	2
t000094	ac	ac	36	5	3	1
t000095	ac	ac	20	1	2	0
t000096	ac	ac	36	6	3	0
t000097	ac	ac	43	7	3	7
t000098	ac	ac	15	3	4	1
t000099	ac	ac	19	3	0	4
t000100	ac	ac	22	2	0	0
t000101	ac	ac	29	4	6	5
t000102	ac	ac	3	8	8	3
t000103	ac	ac	25	10	8	3
t000104	ac	ac	4	3	20	0
t000105	ac	ac	15	4	29	-2
t000106	ac	ac	10	7	10	3
t000107	ac	ac	5	3	7	0
t000108	ac	ac	10	7	9	0
t000109	ac	ac	13	5	20	1
t000110	ac	ac	12	9	18	-1
t000111	ac	ac	13	2	24	-2
t000112	ac	ac	8	4	18	1
t000113	ac	ac	5	2	45	4
t000114	ac	ac	0	-1	52	1
t000115	ac	ac	3	-3	40	2
t000116	ac	ac	11	-10	49	-1
t000117	ac	ac	0	-2	44	1
t000118	ac	ac	11	-1	47	3
t000119	ac	ac	2	0	53	1
t000120	ac	ac	6	-2	48	1
t000121	ac	ac	13	-7	53	0
t000122	ac	ac	9	-2	50	0
t000123	ac	ac	12	0	40	2
t000124	ac	ac	2	1	55	1
t000125	ac	ac	6	0	35	3
t000126	ac	ac	21	-4	48	1
t000127	ac	ac	10	-2	50	0
t000128	ac	ac	33	18	10	6
t000129	ac	ac	13	6	7	0
t000130	ac	ac	1	0	17	0
t000131	ac	ac	23	4	14	0
t000132	ac	ac	10	3	2	0
t000133	ac	ac	8	5	0	0
t000134	ac	ac	15	0	4	0
t000135	ac	ac	9	0	3	-1
t000136	ac	ac	6	15	4	3
t000137	ac	ac	9	20	7	5
t000138	ac	ac	17	5	4	9
t000139	ac	ac	8	3	1	4
t000140	al	al	12	5	4	2
t000141	al	al	5	0	3	30
t000142	al	al	27	27	8	1
t000143	al	al	18	1	4	1
t000144	al	al	35	13	21	2
t000145	al	al	4	12	8	3
t000146	al	al	25	8	9	15
t000147	al	al	25	6	4	1
t000148	al	al	14	5	5	3
t000149	al	al	29	1	5	3
t000150	al	al	16	1	0	1
t000151	al	al	22	9	0	2
t000152	al	al	25	-1	5	-1
t000153	al	al	22	1	1	0
t000154	al	al	12	0	-1	0
t000155	al	al	19	2	5	4
t000156	al	al	12	-1	4	1
t000157	al	al	15	1	0	1
t000158	al	al	14	2	3	1
t000159	al	al	21	-5	6	1
t000160	al	al	38	-10	5	2
t000161	al	al	10	-3	2	0
t000162	al	al	22	-6	0	-1
t000163	al	al	9	1	-1	0
t000164	al	al	11	-1	7	0
t000165	al	al	19	-2	5	0
t000166	al	al	28	-2	4	1
t000167	al	al	7	-1	12	0
t000168	al	al	18	1	5	0
t000169	al	al	9	0	1	1
t000170	al	al	10	4	8	1
t000171	al	al	6	6	1	2
t000172	al	al	21	3	4	2
t000173	al	al	9	4	6	3
t000174	al	al	15	-1	4	3
t000175	al	al	16	3	7	2
t000176	al	al	13	2	2	0
t000177	al	al	8	2	4	-1
t000178	al	al	19	0	4	1
t000179	al	al	8	4	0	-1
t000180	al	al	22	0	5	2
t000181	al	al	10	0	1	1
t000182	al	al	8	3	0	0
t000183	al	al	18	-1	0	0
t000184	al	al	10	-3	4	22
t000185	al	al	12	4	0	1
t000186	al	al	16	2	7	3
t000187	al	al	19	2	6	2
t000188	al	al	13	2	8	5
t000189	al	al	3	-2	3	1
t000190	al	al	12	0	3	3
t000191	al	al	12	1	2	1
t000192	al	al	8	-1	7	3
t000193	al	al	11	4	2	1
t000194	al	al	36	7	7	7
t000195	al	al	42	8	12	3
t000196	al	al	7	0	-1	1
t000197	al	al	36	8	8	1
t000198	al	al	19	0	4	0
t000199	al	al	17	2	2	-1
t000200	al	al	18	4	6	2
t000201	al	al	21	2	1	1
t000202	al	al	40	-1	7	-4
t000203	al	al	14	1	1	6
t000204	al	al	21	0	3	-3
t000205	al	al	10	1	1	1
t000206	al	al	21	1	0	-1
t000207	al	al	10	1	1	-1
t000208	al	al	12	9	2	1
t000209	al	al	3	8	2	1
t000210	al	al	31	3	1	4
t000211	al	al	23	4	4	1
t000212	al	al	12	1	0	4
t000213	al	al	31	3	2	5
t000214	al	al	14	2	2	5
t000215	al	al	16	1	0	0
t000216	al	al	21	4	0	5
t000217	al	al	16	2	4	1
t000218	al	al	17	5	2	1
t000219	al	al	18	6	3	-1
t000220	al	al	12	4	1	0
t000221	al	al	22	2	4	1
t000222	al	al	15	3	9	1
t000223	al	al	17	1	1	5
t000224	al	al	26	5	7	6
t000225	al	al	13	7	5	2
t000226	al	al	34	10	3	4
t000227	al	al	21	3	3	7
t000228	al	al	12	3	6	4
t000229	al	al	20	0	11	5
t000230	al	al	9	-1	1	1
t000231	al	al	15	4	2	0
t000232	al	al	33	7	5	4
t000233	al	al	18	3	0	0
t000234	al	al	32	3	4	0
t000235	al	al	38	3	8	1
t000236	al	al	9	1	2	-1
t000237	al	al	31	6	13	3
t000238	al	al	24	2	3	8
t000239	al	al	34	2	7	0
t000240	al	al	6	3	6	21
t000241	al	al	11	18	2	2
t000242	al	al	31	7	7	12
t000243	al	al	14	21	4	1
t000244	al	al	26	10	10	6
t000245	al	al	13	11	2	2
t000246	al	al	5	18	1	1
t000247	al	al	14	5	0	9
t000248	al	al	26	9	9	10
t000249	al	al	36	27	6	2
t000250	al	al	34	15	11	3
t000251	al	al	22	11	5	-1
t000252	al	al	23	13	4	2
t000253	al	al	32	24	6	-1
t000254	al	al	6	8	3	0
t000255	al	al	44	4	14	13
t000256	al	al	13	3	8	16
t000257	al	al	48	0	8	5
t000258	al	al	18	-2	5	5
t000259	al	al	30	4	-1	3
t000260	al	al	39	10	5	8
t000261	al	al	37	1	3	4
t000262	al	al	59	3	5	8
t000263	al	al	22	-2	2	3
t000264	al	al	23	-3	1	0
t000265	al	al	24	3	3	0
t000266	al	al	8	2	1	2
t000267	al	al	36	15	6	7
t000268	al	al	31	3	7	9
t000269	al	al	16	2	2	1
t000270	al	al	25	2	3	0
t000271	al	al	12	1	2	2
t000272	al	al	34	8	4	7
t000273	al	al	29	13	2	2
t000274	al	al	27	7	3	1
t000275	al	al	16	1	4	1
t000276	al	al	11	7	8	25
t000277	al	al	20	6	1	2
t000278	al	al	56	13	9	16
t000279	al	al	48	7	5	6
t000280	al	al	38	7	3	9
t000281	al	al	32	4	5	15
t000282	al	al	15	18	4	0
t000283	al	al	24	19	4	-2
t000284	al	al	16	22	8	1
t000285	al	al	17	26	3	3
t000286	al	al	8	18	4	0
t000287	al	al	12	5	4	2
t000288	al	al	5	0	3	30
t000289	al	al	28	27	8	1
t000290	al	al	32	9	22	1
t000291	al	al	25	5	10	2
t000292	al	al	4	12	8	3
t000293	al	al	25	9	8	16
t000294	al	al	17	6	0	0
t000295	al	al	11	1	4	1
t000296	al	al	12	6	9	2
t000297	al	al	25	36	18	3
t000298	al	al	9	9	21	1
t000299	al	al	9	0	12	2
t000300	al	al	10	3	10	0
t000301	al	al	9	1	25	4
t000302	al	al	9	2	17	1
t000303	al	al	4	0	17	0
t000304	al	al	9	2	15	1
t000305	al	al	6	-2	34	1
t000306	al	al	14	5	12	5
t000307	al	al	9	6	6	2
t000308	al	al	10	0	12	-1
t000309	al	al	7	1	7	0
t000310	am	am	29	26	9	3
t000311	am	am	13	9	27	1
t000312	am	am	10	9	3	2
t000313	am	am	28	2	6	0
t000314	am	am	32	8	3	3
t000315	am	am	21	18	7	2
t000316	am	am	15	5	1	2
t000317	am	am	22	4	2	3
t000318	am	am	24	1	1	1
t000319	am	am	21	9	4	4
t000320	am	am	12	3	1	8
t000321	am	am	8	4	3	1
t000322	am	am	9	0	0	7
t000323	am	am	12	2	2	10
t000324	am	am	6	4	1	4
t000325	am	am	9	8	2	6
t000326	am	am	14	6	4	7
t000327	am	am	9	6	3	10
t000328	am	am	33	23	9	4
t000329	am	am	21	14	3	9
t000330	am	am	34	24	12	19
t000331	am	am	33	13	8	4
t000332	am	am	36	9	10	1
t000333	am	am	44	21	8	1
t000334	am	am	18	5	6	0
t000335	am	am	20	9	3	-2
t000336	am	am	5	1	0	-2
t000337	am	am	62	23	6	8
t000338	am	am	16	1	3	0
t000339	am	am	49	-5	8	2
t000340	am	am	8	-1	4	1
t000341	am	am	22	11	4	1
t000342	am	am	11	0	4	0
t000343	am	am	8	0	2	2
t000344	am	am	18	7	8	2
t000345	am	am	33	3	15	6
t000346	am	am	2	1	1	1
t000347	am	am	17	6	6	2
t000348	am	am	21	9	12	3
t000349	am	am	11	0	0	1
t000350	am	am	53	18	19	20
t000351	am	am	11	0	0	1
t000352	am	am	29	-2	5	-2
t000353	am	am	10	0	3	0
t000354	am	am	40	14	7	7
t000355	am	am	11	0	3	0
t000356	am	am	9	0	1	1
t000357	am	am	29	11	9	2
t000358	am	am	10	1	0	0
t000359	am	am	22	8	9	6
t000360	am	am	5	0	1	1
t000361	am	am	23	8	3	8
t000362	am	am	4	9	1	4
t000363	am	am	26	4	5	0
t000364	am	am	34	8	4	3
t000365	am	am	48	9	21	7
t000366	am	am	33	15	5	0
t000367	am	am	15	24	7	2
t000368	am	am	14	18	2	4
t000369	am	am	5	8	1	4
t000370	am	am	14	12	3	3
t000371	am	am	13	4	2	6
t000372	am	am	27	8	5	1
t000373	am	am	14	8	0	0
t000374	am	am	26	4	2	0
t000375	am	am	25	4	2	0
t000376	am	am	46	9	5	2
t000377	am	am	20	1	1	3
t000378	am	am	68	12	10	5
t000379	am	am	65	9	6	9
t000380	am	am	49	1	11	5
t000381	am	am	26	2	3	1
t000382	am	am	30	1	4	1
t000383	am	am	35	2	3	2
t000384	am	am	10	0	0	0
t000385	am	am	10	1	1	0
t000386	am	am	30	4	2	2
t000387	am	am	5	1	0	2
t000388	am	am	46	7	2	9
t000389	am	am	16	2	1	2
t000390	am	am	4	13	1	0
t000391	am	am	15	13	1	2
t000392	am	am	18	12	4	-1
t000393	am	am	20	20	3	1
t000394	am	am	23	23	8	-1
t000395	am	am	6	26	4	0
t000396	am	am	5	11	2	1
t000397	am	am	30	22	3	1
t000398	am	am	8	12	5	6
t000399	am	am	22	14	1	7
t000400	am	am	15	17	4	7
t000401	am	am	10	14	2	6
t000402	am	am	18	19	6	4
t000403	am	am	20	7	6	2
t000404	am	am	5	17	4	3
t000405	am	am	19	9	4	1
t000406	am	am	11	3	4	0
t000407	am	am	21	2	5	-2
t000408	am	am	15	11	0	0
t000409	am	am	13	21	24	6
t000410	am	am	15	8	23	1
t000411	am	am	18	20	8	2
t000412	am	am	12	22	13	0
t000413	am	am	8	4	9	1
t000414	am	am	8	8	12	1
t000415	am	am	9	7	12	1
t000416	am	am	10	7	13	3
t000417	am	am	7	1	18	3
t000418	am	am	5	5	37	2
t000419	am	am	8	0	19	0
t000420	am	am	5	1	15	1
t000421	am	am	4	4	26	-1
t000422	am	am	4	0	17	0
t000423	am	am	8	-2	20	1
t000424	am	am	8	-2	19	0
t000425	am	am	9	-2	21	3
t000426	am	am	4	-1	17	0
t000427	am	am	3	2	12	2
t000428	am	am	20	-3	29	0
t000429	am	am	22	7	49	1
t000430	am	am	8	2	37	1
t000431	am	am	3	2	14	0
t000432	am	am	5	3	17	0
t000433	am	am	10	1	24	0
t000434	am	am	13	8	23	0
t000435	am	am	6	6	24	1
t000436	am	am	3	1	12	0
t000437	am	am	16	4	23	3
t000438	am	am	12	10	17	1
t000439	am	am	11	3	11	12
t000440	am	am	8	5	8	15
t000441	am	am	16	9	14	8
t000442	am	am	8	9	24	6
t000443	am	am	11	8	7	8
t000444	am	am	4	8	9	-1
t000445	am	am	7	4	29	2
t000446	am	am	0	2	17	1
t000447	am	am	11	3	36	4
t000448	am	am	0	5	9	0
t000449	am	am	7	5	31	0
t000450	am	am	1	2	22	4
t000451	am	am	-3	1	18	0
t000452	am	am	1	-2	15	2
t000453	am	am	0	7	19	-1
t000454	am	am	10	19	19	-1
t000455	am	am	5	11	12	0
t000456	am	am	22	18	12	0
t000457	am	am	7	14	13	2
t000458	ap	ap	23	12	5	3
t000459	ap	ap	29	13	7	1
t000460	ap	ap	46	8	23	0
t000461	ap	ap	22	4	2	1
t000462	ap	ap	11	5	0	0
t000463	ap	ap	20	5	5	1
t000464	ap	ap	31	6	2	4
t000465	ap	ap	30	5	5	4
t000466	ap	ap	49	3	8	6
t000467	ap	ap	29	11	4	5
t000468	ap	ap	39	4	8	-6
t000469	ap	ap	22	4	5	1
t000470	ap	ap	13	0	3	0
t000471	ap	ap	19	2	15	3
t000472	ap	ap	31	3	13	2
t000473	ap	ap	27	3	11	4
t000474	ap	ap	45	7	11	4
t000475	ap	ap	30	4	1	4
t000476	ap	ap	17	8	1	5
t000477	ap	ap	18	5	4	8
t000478	ap	ap	35	-3	6	2
t000479	ap	ap	9	0	2	2
t000480	ap	ap	6	0	3	0
t000481	ap	ap	14	3	6	2
t000482	ap	ap	9	1	1	0
t000483	ap	ap	21	3	0	3
t000484	ap	ap	27	3	11	-3
t000485	ap	ap	21	0	4	-3
t000486	ap	ap	15	0	1	-1
t000487	ap	ap	33	5	6	-1
t000488	ap	ap	12	0	3	0
t000489	ap	ap	9	1	4	0
t000490	ap	ap	7	0	1	1
t000491	ap	ap	14	0	7	2
t000492	ap	ap	23	3	7	5
t000493	ap	ap	4	2	1	4
t000494	ap	ap	13	5	2	1
t000495	ap	ap	20	2	7	0
t000496	ap	ap	20	5	4	-1
t000497	ap	ap	18	4	9	1
t000498	ap	ap	9	5	1	9
t000499	ap	ap	4	1	1	0
t000500	ap	ap	33	7	6	-1
t000501	ap	ap	27	8	7	0
t000502	ap	ap	7	11	2	1
t000503	ap	ap	21	12	1	3
t000504	ap	ap	19	5	3	8
t000505	ap	ap	22	8	2	2
t000506	ap	ap	57	16	15	4
t000507	ap	ap	7	13	1	0
t000508	ap	ap	15	9	1	1
t000509	ap	ap	12	16	3	1
t000510	ap	ap	25	3	3	-1
t000511	ap	ap	3	9	1	2
t000512	ap	ap	3	8	1	6
t000513	ap	ap	28	19	10	14
t000514	ap	ap	13	22	8	7
t000515	ap	ap	8	12	6	5
t000516	ap	ap	17	6	2	3
t000517	ap	ap	20	4	0	1
t000518	ap	ap	17	0	0	0
t000519	ap	ap	65	8	9	5
t000520	ap	ap	9	3	0	1
t000521	ap	ap	28	7	4	1
t000522	ap	ap	32	3	5	-2
t000523	ap	ap	56	5	5	1
t000524	ap	ap	17	3	1	0
t000525	ap	ap	19	1	2	1
t000526	ap	ap	16	3	3	-1
t000527	ap	ap	21	3	6	0
t000528	ap	ap	22	4	2	-1
t000529	ap	ap	20	4	0	-1
t000530	ap	ap	14	5	2	0
t000531	ap	ap	35	4	3	4
t000532	ap	ap	27	3	3	0
t000533	ap	ap	21	1	3	3
t000534	ap	ap	19	1	1	3
t000535	ap	ap	24	5	0	0
t000536	ap	ap	17	22	1	2
t000537	ap	ap	7	5	1	0
t000538	ap	ap	21	1	2	1
t000539	ap	ap	13	7	3	0
t000540	ap	ap	12	19	1	0
t000541	ap	ap	7	13	2	0
t000542	ap	ap	4	13	1	0
t000543	ap	ap	20	23	2	-2
t000544	ap	ap	27	33	3	2
t000545	ap	ap	34	20	3	-2
t000546	ap	ap	19	21	4	1
t000547	ap	ap	38	18	5	-1
t000548	ap	ap	6	14	5	5
t000549	ap	ap	28	23	4	-1
t000550	ap	ap	49	19	5	1
t000551	ap	ap	23	16	3	-4
t000552	ap	ap	35	8	6	3
t000553	ap	ap	25	10	3	2
t000554	ap	ap	12	3	3	0
t000555	ap	ap	14	9	4	1
t000556	ap	ap	14	18	6	0
t000557	ap	ap	7	3	2	-1
t000558	ap	ap	16	12	0	-1
t000559	ap	ap	17	17	2	-1
t000560	ap	ap	36	16	5	0
t000561	ap	ap	1	4	0	0
t000562	ap	ap	24	22	9	6
t000563	ap	ap	6	2	10	0
t000564	ap	ap	14	8	10	1
t000565	ap	ap	5	2	20	1
t000566	ap	ap	8	1	19	1
t000567	ap	ap	8	1	17	1
t000568	ap	ap	17	4	19	2
t000569	ap	ap	7	0	16	1
t000570	ap	ap	3	0	13	1
t000571	ap	ap	3	-1	18	1
t000572	ap	ap	5	0	15	3
t000573	ap	ap	5	-2	22	0
t000574	ap	ap	2	-2	17	2
t000575	ap	ap	6	3	8	0
t000576	ap	ap	17	4	10	1
t000577	ap	ap	4	3	10	1
t000578	ap	ap	5	7	18	-1
t000579	ap	ap	9	15	3	3
t000580	ap	ap	21	16	2	4
t000581	ap	ap	22	3	4	1
t000582	ap	ap	30	11	2	2
t000583	ap	ap	25	29	6	7
t000584	ap	ap	22	34	7	9
t000585	ap	ap	13	25	6	13
t000586	ap	ap	7	18	5	8
t000587	ap	ap	16	21	4	9
t000588	ap	ap	46	15	15	2
t000589	ap	ap	5	6	3	2
t000590	ap	ap	16	8	5	3
t000591	ap	ap	12	5	2	0
t000592	ba	ba	7	8	5	1
t000593	ba	ba	24	1	1	1
t000594	ba	ba	46	2	13	5
t000595	ba	ba	28	4	10	-2
t000596	ba	ba	19	3	2	2
t000597	ba	ba	17	1	6	1
t000598	ba	ba	20	2	6	-1
t000599	ba	ba	14	0	6	0
t000600	ba	ba	38	7	13	2
t000601	ba	ba	9	0	2	2
t000602	ba	ba	54	12	13	6
t000603	ba	ba	4	1	1	1
t000604	ba	ba	44	4	8	3
t000605	ba	ba	13	0	0	1
t000606	ba	ba	74	12	14	5
t000607	ba	ba	22	-2	2	-3
t000608	ba	ba	19	2	4	0
t000609	ba	ba	19	3	2	1
t000610	ba	ba	13	0	3	0
t000611	ba	ba	13	2	1	2
t000612	ba	ba	38	7	10	2
t000613	ba	ba	13	0	3	0
t000614	ba	ba	24	3	1	2
t000615	ba	ba	76	18	12	12
t000616	ba	ba	18	2	1	1
t000617	ba	ba	32	0	9	3
t000618	ba	ba	8	0	1	1
t000619	ba	ba	6	1	1	1
t000620	ba	ba	50	9	8	14
t000621	ba	ba	5	2	1	4
t000622	ba	ba	32	16	13	7
t000623	ba	ba	17	19	3	8
t000624	ba	ba	34	26	6	8
t000625	ba	ba	66	58	18	17
t000626	ba	ba	9	28	12	12
t000627	ba	ba	16	9	0	4
t000628	ba	ba	28	22	9	16
t000629	ba	ba	17	17	5	18
t000630	ba	ba	13	11	7	8
t000631	ba	ba	21	8	2	4
t000632	ba	ba	22	22	3	12
t000633	ba	ba	36	32	6	3
t000634	ba	ba	46	14	3	16
t000635	ba	ba	52	18	13	7
t000636	ba	ba	17	15	7	9
t000637	ba	ba	18	10	3	3
t000638	ba	ba	57	37	26	21
t000639	ba	ba	51	31	11	10
t000640	ba	ba	11	14	4	2
t000641	ba	ba	27	3	6	8
t000642	ba	ba	40	10	3	6
t000643	ba	ba	38	-1	7	3
t000644	ba	ba	37	12	5	4
t000645	ba	ba	28	10	7	8
t000646	ba	ba	46	4	5	2
t000647	ba	ba	29	2	3	4
t000648	ba	ba	26	2	3	1
t000649	ba	ba	25	0	4	3
t000650	ba	ba	21	-1	9	1
t000651	ba	ba	23	1	4	5
t000652	ba	ba	27	5	6	9
t000653	ba	ba	35	4	8	6
t000654	ba	ba	37	9	6	16
t000655	ba	ba	47	10	6	3
t000656	ba	ba	12	19	4	1
t000657	ba	ba	47	20	10	11
t000658	ba	ba	4	2	2	2
t000659	ba	ba	7	6	4	1
t000660	ba	ba	12	5	6	2
t000661	ba	ba	13	15	7	2
t000662	ba	ba	24	18	6	7
t000663	ba	ba	13	19	4	1
t000664	ba	ba	32	19	5	5
t000665	ba	ba	1	10	1	0
t000666	ba	ba	14	3	2	4
t000667	ba	ba	12	3	3	2
t000668	ba	ba	27	7	9	7
t000669	ba	ba	17	3	0	3
t000670	ba	ba	8	4	2	2
t000671	ba	ba	20	4	2	2
t000672	ba	ba	18	11	11	5
t000673	ba	ba	29	4	5	5
t000674	ba	ba	9	9	3	9
t000675	ba	ba	18	10	3	5
t000676	ba	ba	10	5	1	1
t000677	ba	ba	16	5	5	4
t000678	ba	ba	16	4	4	2
t000679	ba	ba	14	5	4	2
t000680	ba	ba	7	3	1	9
t000681	ba	ba	8	12	6	4
t000682	ba	ba	16	3	5	0
t000683	ba	ba	6	8	6	4
t000684	ba	ba	23	21	2	1
t000685	ba	ba	2	2	0	0
t000686	ba	ba	16	25	3	3
t000687	ba	ba	10	12	2	2
t000688	ba	ba	18	15	5	2
t000689	ba	ba	14	15	4	2
t000690	ba	ba	16	14	2	4
t000691	ba	ba	22	9	7	3
t000692	ba	ba	18	8	8	2
t000693	ba	ba	3	0	6	2
t000694	ba	ba	26	10	16	4
t000695	ba	ba	10	15	12	3
t000696	ba	ba	8	3	4	0
t000697	ba	ba	17	6	15	2
t000698	ba	ba	34	7	19	3
t000699	ba	ba	12	1	3	-2
t000700	ba	ba	39	4	30	-1
t000701	ba	ba	8	4	6	2
t000702	ba	ba	3	7	3	3
t000703	ba	ba	20	16	7	7
t000704	ba	ba	15	12	5	5
t000705	ba	ba	14	6	2	7
t000706	ba	ba	23	12	2	5
t000707	ba	ba	44	16	12	4
t000708	ba	ba	29	43	6	7
t000709	ba	ba	3	14	6	10
t000710	ba	ba	15	19	4	8
t000711	ba	ba	13	12	5	1
t000712	ba	ba	18	18	5	8
t000713	ba	ba	17	17	5	6
t000714	ba	ba	14	11	2	10
t000715	ba	ba	7	2	2	4
t000716	ba	ba	16	16	2	5
t000717	ba	ba	19	14	6	16
t000718	ba	ba	17	13	5	7
t000719	ba	ba	16	11	6	21
t000720	ba	ba	22	14	8	1
t000721	ba	ba	10	10	3	4
t000722	ba	ba	30	9	3	6
t000723	ba	ba	6	2	0	2
t000724	ba	ba	34	10	10	6
t000725	ba	ba	13	3	4	1
t000726	ba	ba	58	23	17	-1
t000727	ce	ce	30	8	9	6
t000728	ce	ce	15	0	1	1
t000729	ce	ce	11	1	2	0
t000730	ce	ce	5	0	2	1
t000731	ce	ce	8	5	1	1
t000732	ce	ce	29	3	2	2
t000733	ce	ce	40	0	14	7
t000734	ce	ce	28	0	5	1
t000735	ce	ce	23	-1	0	1
t000736	ce	ce	20	5	6	3
t000737	ce	ce	20	0	5	3
t000738	ce	ce	19	1	6	5
t000739	ce	ce	26	9	11	1
t000740	ce	ce	6	1	0	2
t000741	ce	ce	24	3	0	0
t000742	ce	ce	28	4	2	1
t000743	ce	ce	15	0	0	1
t000744	ce	ce	39	10	4	-1
t000745	ce	ce	67	7	10	-7
t000746	ce	ce	46	0	12	-1
t000747	ce	ce	40	3	6	2
t000748	ce	ce	24	3	5	0
t000749	ce	ce	14	0	7	0
t000750	ce	ce	21	6	5	3
t000751	ce	ce	32	3	2	0
t000752	ce	ce	6	1	7	0
t000753	ce	ce	15	2	4	1
t000754	ce	ce	20	-1	5	3
t000755	ce	ce	29	3	4	1
t000756	ce	ce	26	11	3	8
t000757	ce	ce	27	6	2	3
t000758	ce	ce	28	5	1	2
t000759	ce	ce	24	4	4	3
t000760	ce	ce	35	7	8	5
t000761	ce	ce	9	5	1	4
t000762	ce	ce	14	3	0	7
t000763	ce	ce	12	13	3	1
t000764	ce	ce	28	16	1	2
t000765	ce	ce	17	28	3	4
t000766	ce	ce	44	14	7	1
t000767	ce	ce	39	19	12	3
t000768	ce	ce	75	25	20	8
t000769	ce	ce	24	18	7	1
t000770	ce	ce	36	18	13	15
t000771	ce	ce	29	20	7	14
t000772	ce	ce	25	36	5	3
t000773	ce	ce	6	23	7	2
t000774	ce	ce	10	20	1	1
t000775	ce	ce	5	4	0	7
t000776	ce	ce	9	13	4	5
t000777	ce	ce	13	8	1	2
t000778	ce	ce	18	17	0	3
t000779	ce	ce	6	8	1	6
t000780	ce	ce	28	14	3	2
t000781	ce	ce	10	15	4	2
t000782	ce	ce	21	11	3	2
t000783	ce	ce	47	24	14	4
t000784	ce	ce	37	9	6	0
t000785	ce	ce	28	2	1	2
t000786	ce	ce	39	2	16	1
t000787	ce	ce	22	6	9	2
t000788	ce	ce	38	2	6	-1
t000789	ce	ce	34	2	2	3
t000790	ce	ce	34	1	0	2
t000791	ce	ce	29	2	5	2
t000792	ce	ce	41	10	7	2
t000793	ce	ce	19	9	7	2
t000794	ce	ce	26	5	6	-2
t000795	ce	ce	17	2	1	0
t000796	ce	ce	23	3	1	-1
t000797	ce	ce	6	0	1	0
t000798	ce	ce	39	7	3	1
t000799	ce	ce	47	10	12	1
t000800	ce	ce	18	1	1	0
t000801	ce	ce	43	7	4	0
t000802	ce	ce	39	6	5	0
t000803	ce	ce	22	1	4	0
t000804	ce	ce	22	5	0	1
t000805	ce	ce	28	12	1	2
t000806	ce	ce	37	9	2	3
t000807	ce	ce	26	15	8	2
t000808	ce	ce	67	12	8	3
t000809	ce	ce	46	17	9	3
t000810	ce	ce	61	24	15	10
t000811	ce	ce	26	2	1	2
t000812	ce	ce	13	6	4	2
t000813	ce	ce	76	26	15	8
t000814	ce	ce	50	8	13	7
t000815	ce	ce	41	15	11	4
t000816	ce	ce	35	22	3	0
t000817	ce	ce	10	7	1	1
t000818	ce	ce	6	7	1	0
t000819	ce	ce	12	12	3	1
t000820	ce	ce	19	16	2	1
t000821	ce	ce	15	15	3	0
t000822	ce	ce	15	9	2	0
t000823	ce	ce	17	17	1	0
t000824	ce	ce	21	15	0	4
t000825	ce	ce	21	6	2	0
t000826	ce	ce	24	38	9	3
t000827	ce	ce	27	20	26	5
t000828	ce	ce	16	2	14	8
t000829	ce	ce	13	6	19	6
t000830	ce	ce	16	6	25	3
t000831	ce	ce	12	4	21	7
t000832	ce	ce	8	3	22	0
t000833	ce	ce	38	2	60	7
t000834	ce	ce	9	9	21	0
t000835	ce	ce	16	7	12	2
t000836	ce	ce	8	2	31	1
t000837	ce	ce	15	6	23	2
t000838	ce	ce	6	1	15	0
t000839	ce	ce	22	14	31	8
t000840	ce	ce	16	7	18	1
t000841	ce	ce	8	3	24	1
t000842	ce	ce	21	4	18	-1
t000843	ce	ce	7	8	14	1
t000844	ce	ce	6	13	5	2
t000845	ce	ce	34	13	11	7
t000846	ce	ce	7	3	8	0
t000847	ce	ce	33	12	5	7
t000848	ce	ce	18	18	8	2
t000849	ce	ce	17	16	6	4
t000850	ce	ce	20	14	2	2
t000851	ce	ce	75	29	23	9
t000852	ce	ce	18	5	5	1
t000853	ce	ce	42	0	10	-1
t000854	ce	ce	80	24	30	4
t000855	ce	ce	68	15	21	-3
t000856	ce	ce	21	7	2	1
t000857	ce	ce	49	31	13	14
t000858	ce	ce	12	7	12	-1
t000859	ce	ce	28	11	4	-1
t000860	ce	ce	17	8	7	7
t000861	ce	ce	5	7	1	1
t000862	ce	ce	24	5	3	2
t000863	ce	ce	8	0	6	1
t000864	ce	ce	25	12	11	3
t000865	ce	ce	27	0	4	2
t000866	ce	ce	20	13	4	2
t000867	ce	ce	7	3	3	1
t000868	ce	ce	16	7	4	2
t000869	ce	ce	11	13	4	0
t000870	ce	ce	26	6	1	13
t000871	ce	ce	31	8	21	8
t000872	ce	ce	19	5	5	0
t000873	ce	ce	6	3	4	3
t000874	ce	ce	25	13	11	6
t000875	df	df	40	18	4	3
t000876	df	df	41	5	8	4
t000877	df	df	55	1	6	0
t000878	df	df	16	5	0	1
t000879	df	df	20	3	4	1
t000880	df	df	25	9	5	-1
t000881	df	df	19	9	14	2
t000882	df	df	15	3	2	2
t000883	df	df	33	8	6	-1
t000884	df	df	55	18	11	16
t000885	df	df	30	8	7	2
t000886	df	df	26	1	5	-2
t000887	df	df	29	3	4	1
t000888	df	df	16	1	4	3
t000889	df	df	37	-1	7	-4
t000890	df	df	42	9	9	4
t000891	df	df	10	5	5	3
t000892	df	df	52	5	12	12
t000893	df	df	46	3	8	10
t000894	df	df	33	9	6	11
t000895	df	df	22	11	5	2
t000896	df	df	13	26	4	1
t000897	df	df	21	13	7	1
t000898	df	df	35	15	9	3
t000899	df	df	14	9	4	5
t000900	df	df	11	10	3	9
t000901	df	df	35	9	4	7
t000902	df	df	20	22	5	6
t000903	df	df	18	2	2	1
t000904	df	df	35	8	8	0
t000905	df	df	22	20	5	0
t000906	df	df	19	9	5	-1
t000907	df	df	41	16	9	-2
t000908	df	df	14	6	1	1
t000909	df	df	41	7	2	1
t000910	df	df	27	0	2	1
t000911	df	df	18	9	0	3
t000912	df	df	9	0	6	3
t000913	df	df	23	6	1	2
t000914	df	df	52	6	5	2
t000915	df	df	28	6	2	0
t000916	df	df	38	4	2	2
t000917	df	df	20	3	2	2
t000918	df	df	27	3	2	-1
t000919	df	df	28	12	0	5
t000920	df	df	31	8	2	0
t000921	df	df	27	6	3	2
t000922	df	df	26	2	1	1
t000923	df	df	55	6	8	4
t000924	df	df	15	15	2	0
t000925	df	df	25	16	2	1
t000926	df	df	5	10	4	0
t000927	df	df	16	17	4	0
t000928	df	df	5	12	0	2
t000929	df	df	20	26	3	-1
t000930	df	df	22	15	3	1
t000931	df	df	24	11	9	0
t000932	df	df	29	1	4	0
t000933	df	df	15	1	1	0
t000934	df	df	14	7	1	0
t000935	df	df	14	13	1	1
t000936	df	df	12	11	3	3
t000937	df	df	29	13	6	0
t000938	df	df	21	2	3	-1
t000939	df	df	20	-1	1	0
t000940	df	df	16	3	6	4
t000941	df	df	14	11	6	1
t000942	df	df	5	5	1	0
t000943	df	df	30	13	5	2
t000944	df	df	10	2	2	1
t000945	df	df	27	10	5	0
t000946	df	df	9	14	0	0
t000947	df	df	12	17	2	1
t000948	df	df	9	18	2	4
t000949	df	df	21	8	2	0
t000950	df	df	20	12	2	0
t000951	df	df	11	31	5	0
t000952	df	df	6	16	12	0
t000953	df	df	17	6	5	8
t000954	df	df	20	8	15	9
t000955	df	df	29	19	21	2
t000956	df	df	10	2	20	2
t000957	df	df	15	4	11	0
t000958	df	df	3	6	7	1
t000959	df	df	6	1	7	-1
t000960	df	df	20	8	24	0
t000961	df	df	7	2	14	0
t000962	df	df	6	4	13	0
t000963	df	df	8	1	6	2
t000964	df	df	13	4	14	0
t000965	df	df	5	7	22	1
t000966	df	df	9	4	5	5
t000967	df	df	3	6	12	0
t000968	df	df	14	9	12	3
t000969	df	df	5	1	14	0
t000970	df	df	11	7	11	-1
t000971	df	df	11	7	12	0
t000972	df	df	21	6	20	1
t000973	df	df	7	4	5	1
t000974	df	df	3	0	11	2
t000975	df	df	14	2	13	2
t000976	df	df	9	1	13	0
t000977	df	df	9	2	9	0
t000978	es	es	11	1	2	0
t000980	es	es	37	3	4	1
t000981	es	es	11	2	4	0
t000982	es	es	21	2	3	1
t000983	es	es	18	5	0	-1
t000984	es	es	16	2	-2	-3
t000985	es	es	2	0	1	0
t000986	es	es	39	6	7	3
t000987	es	es	20	1	6	1
t000988	es	es	18	1	-2	-4
t000989	es	es	35	2	3	7
t000990	es	es	31	3	-2	-3
t000991	es	es	17	1	4	8
t000992	es	es	30	1	-1	-1
t000993	es	es	12	6	2	8
t000994	es	es	18	5	0	5
t000995	es	es	25	3	-1	2
t000996	es	es	2	0	1	0
t000997	es	es	22	1	8	0
t000998	es	es	14	1	-1	-4
t000999	es	es	20	3	4	9
t001000	es	es	14	-1	6	0
t001001	es	es	7	1	0	1
t001002	es	es	18	5	7	1
t001003	es	es	3	-1	19	3
t001004	es	es	18	-1	7	1
t001005	es	es	34	3	6	2
t001006	es	es	28	4	9	0
t001007	es	es	26	5	5	7
t001008	es	es	11	-1	4	1
t001009	es	es	16	-1	-2	-4
t001010	es	es	31	2	5	4
t001011	es	es	30	0	6	-2
t001012	es	es	24	3	0	-1
t001013	es	es	42	21	19	24
t001014	es	es	13	6	8	1
t001015	es	es	15	15	1	2
t001016	es	es	18	7	5	1
t001017	es	es	15	-1	1	9
t001018	es	es	40	18	3	6
t001019	es	es	10	12	3	5
t001020	es	es	11	16	2	1
t001021	es	es	41	22	3	6
t001022	es	es	5	8	1	10
t001023	es	es	4	10	0	6
t001024	es	es	6	8	0	5
t001025	es	es	17	21	3	1
t001026	es	es	35	22	4	0
t001027	es	es	18	22	7	1
t001028	es	es	62	7	12	9
t001029	es	es	57	3	12	5
t001030	es	es	52	11	9	20
t001031	es	es	49	11	10	5
t001032	es	es	33	6	0	0
t001033	es	es	30	11	11	-5
t001034	es	es	18	6	-1	4
t001035	es	es	19	19	3	4
t001036	es	es	9	5	1	1
t001037	es	es	29	8	4	5
t001038	es	es	25	7	1	1
t001039	es	es	23	11	0	2
t001040	es	es	59	9	3	10
t001041	es	es	7	1	-1	0
t001042	es	es	5	1	16	1
t001043	es	es	4	1	10	1
t001044	es	es	9	4	20	1
t001045	es	es	13	2	10	2
t001046	es	es	12	4	24	2
t001047	es	es	7	3	16	0
t001048	es	es	6	3	19	1
t001049	es	es	7	1	19	2
t001050	es	es	2	1	16	2
t001051	es	es	6	-3	21	2
t001052	es	es	4	1	15	0
t001053	es	es	10	-3	22	0
t001054	es	es	3	0	12	1
t001055	es	es	6	0	20	2
t001056	es	es	10	0	8	0
t001057	es	es	2	0	28	0
t001058	es	es	3	1	15	0
t001059	es	es	4	1	11	-1
t001060	es	es	21	16	5	5
t001061	es	es	4	1	12	17
t001062	es	es	22	12	8	6
t001063	es	es	9	16	4	2
t001064	es	es	15	29	5	7
t001065	es	es	13	13	4	5
t001066	es	es	18	11	3	0
t001067	es	es	11	4	1	0
t001068	es	es	19	8	6	1
t001069	es	es	9	13	3	6
t001070	es	es	5	11	3	1
t001071	es	es	9	15	3	5
t001072	es	es	4	12	1	8
t001073	es	es	3	6	3	7
t001074	es	es	9	6	7	0
t001075	es	es	12	2	6	1
t001076	es	es	18	15	7	14
t001077	es	es	20	7	11	18
t001078	es	es	25	8	15	1
t001079	es	es	10	6	3	0
t001080	es	es	19	3	0	-2
t001081	es	es	24	11	7	-1
t001082	es	es	7	4	4	1
t001083	go	go	29	17	7	3
t001084	go	go	27	1	10	2
t001085	go	go	15	0	2	1
t001086	go	go	12	7	6	-1
t001087	go	go	32	2	5	3
t001088	go	go	38	4	13	6
t001089	go	go	15	0	1	0
t001090	go	go	60	7	9	13
t001091	go	go	25	-1	0	0
t001092	go	go	40	5	17	2
t001093	go	go	16	-1	2	-3
t001094	go	go	16	2	4	2
t001095	go	go	14	0	0	1
t001096	go	go	32	14	7	9
t001097	go	go	30	7	8	5
t001098	go	go	9	-1	2	-2
t001099	go	go	7	4	3	3
t001100	go	go	19	-2	7	4
t001101	go	go	19	5	9	5
t001102	go	go	11	2	1	-2
t001103	go	go	27	5	3	5
t001104	go	go	23	0	1	3
t001105	go	go	9	-1	13	1
t001106	go	go	35	3	7	1
t001107	go	go	20	0	6	-1
t001108	go	go	32	2	9	8
t001109	go	go	33	7	9	2
t001110	go	go	11	-1	4	1
t001111	go	go	37	-2	10	0
t001112	go	go	30	2	3	1
t001113	go	go	13	1	1	0
t001114	go	go	8	0	1	0
t001115	go	go	38	4	14	-2
t001116	go	go	20	1	4	0
t001117	go	go	25	2	13	-2
t001118	go	go	34	1	19	-3
t001119	go	go	10	1	2	0
t001120	go	go	14	0	1	0
t001121	go	go	27	1	5	1
t001122	go	go	9	10	5	8
t001123	go	go	7	3	2	4
t001124	go	go	4	9	4	5
t001125	go	go	6	7	8	3
t001126	go	go	8	4	7	3
t001127	go	go	10	8	9	5
t001128	go	go	7	17	8	4
t001129	go	go	14	7	6	5
t001130	go	go	22	21	5	7
t001131	go	go	31	19	12	4
t001132	go	go	19	25	4	0
t001133	go	go	81	39	18	12
t001134	go	go	50	15	7	5
t001135	go	go	42	17	6	7
t001136	go	go	34	18	10	2
t001137	go	go	24	12	5	8
t001138	go	go	18	15	4	16
t001139	go	go	17	8	14	15
t001140	go	go	17	11	5	12
t001141	go	go	17	6	10	10
t001142	go	go	24	34	9	4
t001143	go	go	13	17	4	5
t001144	go	go	9	27	4	2
t001145	go	go	4	16	0	0
t001146	go	go	43	26	6	1
t001147	go	go	25	17	5	0
t001148	go	go	23	18	7	2
t001149	go	go	41	12	10	17
t001150	go	go	41	8	6	0
t001151	go	go	8	2	5	2
t001152	go	go	36	4	2	-4
t001153	go	go	37	16	9	2
t001154	go	go	11	14	6	2
t001155	go	go	10	16	2	2
t001156	go	go	10	12	1	3
t001157	go	go	7	2	1	1
t001158	go	go	14	1	0	1
t001159	go	go	22	-1	1	0
t001160	go	go	34	2	3	4
t001161	go	go	45	4	6	2
t001162	go	go	10	5	0	0
t001163	go	go	29	7	5	4
t001164	go	go	40	6	7	3
t001165	go	go	45	5	10	4
t001166	go	go	21	3	6	2
t001167	go	go	36	6	21	6
t001168	go	go	55	11	9	10
t001169	go	go	19	3	-1	-1
t001170	go	go	22	6	3	2
t001171	go	go	16	1	-1	-1
t001172	go	go	7	0	-2	1
t001173	go	go	36	-4	15	-1
t001174	go	go	28	6	0	1
t001175	go	go	18	2	4	0
t001176	go	go	10	2	-2	0
t001177	go	go	12	4	0	0
t001178	go	go	21	0	3	1
t001179	go	go	52	1	3	-2
t001180	go	go	25	3	3	2
t001181	go	go	27	5	1	1
t001182	go	go	24	1	1	0
t001183	go	go	15	5	2	1
t001184	go	go	21	1	-4	2
t001185	go	go	61	14	6	12
t001186	go	go	16	1	-3	0
t001187	go	go	32	24	7	10
t001188	go	go	21	5	4	1
t001189	go	go	14	14	4	-2
t001190	go	go	28	17	2	2
t001191	go	go	25	3	4	2
t001192	go	go	19	7	3	2
t001193	go	go	21	4	2	2
t001194	go	go	32	5	5	2
t001195	go	go	10	1	4	-2
t001196	go	go	20	1	1	0
t001197	go	go	17	5	15	3
t001198	go	go	31	16	34	3
t001199	go	go	11	3	10	1
t001200	go	go	17	6	15	3
t001201	go	go	23	1	17	1
t001202	go	go	20	11	14	3
t001203	go	go	23	5	31	1
t001204	go	go	13	8	8	2
t001205	go	go	15	5	26	4
t001206	go	go	6	1	8	2
t001207	go	go	24	8	40	3
t001208	go	go	3	1	12	1
t001209	go	go	9	4	26	4
t001210	go	go	18	3	45	7
t001211	go	go	2	1	12	0
t001212	go	go	16	6	31	4
t001213	go	go	37	-3	29	10
t001214	go	go	2	0	10	1
t001215	go	go	20	-6	38	2
t001216	go	go	52	-3	52	4
t001217	go	go	2	0	8	0
t001218	go	go	19	2	33	2
t001219	go	go	48	7	56	13
t001220	go	go	2	0	6	1
t001221	go	go	12	4	30	2
t001222	go	go	29	8	25	1
t001223	go	go	10	0	12	0
t001224	go	go	42	29	21	18
t001225	go	go	14	7	6	5
t001226	go	go	10	16	6	1
t001227	go	go	60	20	14	5
t001228	go	go	21	14	4	2
t001229	go	go	2	-4	9	15
t001230	go	go	12	20	6	2
t001231	go	go	18	12	13	4
t001232	go	go	13	12	12	2
t001233	ma	ma	27	2	4	1
t001234	ma	ma	24	-1	3	4
t001235	ma	ma	12	-2	3	0
t001236	ma	ma	15	-1	5	1
t001237	ma	ma	20	2	0	0
t001238	ma	ma	12	2	0	-1
t001239	ma	ma	26	9	2	2
t001240	ma	ma	33	14	5	7
t001241	ma	ma	10	7	1	1
t001242	ma	ma	19	3	2	2
t001243	ma	ma	18	1	8	-1
t001244	ma	ma	18	2	4	2
t001245	ma	ma	19	2	6	1
t001246	ma	ma	19	0	7	3
t001247	ma	ma	12	2	4	-2
t001248	ma	ma	74	18	21	10
t001249	ma	ma	4	4	1	4
t001250	ma	ma	9	2	4	2
t001251	ma	ma	24	9	11	-1
t001252	ma	ma	14	4	11	4
t001253	ma	ma	24	10	7	1
t001254	ma	ma	10	1	2	3
t001255	ma	ma	27	4	0	0
t001256	ma	ma	8	4	0	0
t001257	ma	ma	39	5	6	4
t001258	ma	ma	32	3	6	1
t001259	ma	ma	36	2	4	3
t001260	ma	ma	16	3	6	1
t001261	ma	ma	19	6	4	3
t001262	ma	ma	18	4	3	2
t001263	ma	ma	22	4	3	0
t001264	ma	ma	18	0	2	3
t001265	ma	ma	29	0	9	2
t001266	ma	ma	11	1	1	-2
t001267	ma	ma	27	4	3	2
t001268	ma	ma	16	3	5	0
t001269	ma	ma	33	4	2	1
t001270	ma	ma	18	3	3	2
t001271	ma	ma	30	5	2	-3
t001272	ma	ma	35	3	6	3
t001273	ma	ma	24	11	1	-1
t001274	ma	ma	26	0	7	2
t001275	ma	ma	7	0	1	2
t001276	ma	ma	31	2	6	2
t001277	ma	ma	45	5	7	0
t001278	ma	ma	24	3	6	0
t001279	ma	ma	13	3	2	1
t001280	ma	ma	28	3	3	-3
t001281	ma	ma	20	3	2	2
t001282	ma	ma	45	1	5	4
t001283	ma	ma	42	4	18	13
t001284	ma	ma	24	5	5	15
t001285	ma	ma	46	4	7	7
t001286	ma	ma	33	2	9	-2
t001287	ma	ma	32	8	7	21
t001288	ma	ma	31	8	8	3
t001289	ma	ma	43	3	3	0
t001290	ma	ma	18	9	3	5
t001291	ma	ma	33	10	2	13
t001292	ma	ma	11	1	4	5
t001293	ma	ma	24	3	7	2
t001294	ma	ma	13	4	4	-1
t001295	ma	ma	4	4	0	2
t001296	ma	ma	20	29	10	12
t001297	ma	ma	17	16	10	10
t001298	ma	ma	15	14	2	10
t001299	ma	ma	7	4	2	4
t001300	ma	ma	34	22	7	4
t001301	ma	ma	25	8	10	16
t001302	ma	ma	7	7	2	7
t001303	ma	ma	9	13	4	9
t001304	ma	ma	21	15	3	6
t001305	ma	ma	15	17	6	3
t001306	ma	ma	19	25	3	1
t001307	ma	ma	12	5	5	2
t001308	ma	ma	31	10	1	7
t001309	ma	ma	25	17	4	5
t001310	ma	ma	12	18	5	7
t001311	ma	ma	19	14	2	4
t001312	ma	ma	22	6	3	3
t001313	ma	ma	24	6	9	-1
t001314	ma	ma	26	7	9	-3
t001315	ma	ma	26	4	5	-1
t001316	ma	ma	19	7	5	0
t001317	ma	ma	13	2	5	0
t001318	ma	ma	58	4	4	3
t001319	ma	ma	12	23	7	4
t001320	ma	ma	12	23	3	1
t001321	ma	ma	29	17	1	0
t001322	ma	ma	6	7	0	1
t001323	ma	ma	15	13	2	0
t001324	ma	ma	42	26	6	3
t001325	ma	ma	13	5	5	3
t001326	ma	ma	84	21	17	11
t001327	ma	ma	37	3	2	1
t001328	ma	ma	53	4	8	3
t001329	ma	ma	19	1	3	1
t001330	ma	ma	75	11	9	0
t001331	ma	ma	44	14	7	5
t001332	ma	ma	51	12	15	10
t001333	ma	ma	18	1	0	0
t001334	ma	ma	4	12	0	0
t001335	ma	ma	25	22	9	4
t001336	ma	ma	34	22	8	-2
t001337	ma	ma	21	19	5	-3
t001338	ma	ma	36	26	2	4
t001339	ma	ma	50	12	4	5
t001340	ma	ma	47	11	14	3
t001341	ma	ma	53	8	6	6
t001342	ma	ma	60	16	6	8
t001343	ma	ma	24	17	8	0
t001344	ma	ma	26	22	6	-5
t001345	ma	ma	14	31	1	1
t001346	ma	ma	16	15	0	1
t001347	ma	ma	27	41	4	6
t001348	ma	ma	13	25	4	0
t001349	ma	ma	24	31	2	0
t001350	ma	ma	17	27	5	-1
t001351	ma	ma	8	22	2	1
t001352	ma	ma	48	32	13	1
t001353	ma	ma	33	18	8	1
t001354	ma	ma	7	8	11	3
t001355	ma	ma	31	24	29	5
t001356	ma	ma	12	11	26	2
t001357	ma	ma	10	3	22	4
t001358	ma	ma	5	0	19	1
t001359	ma	ma	8	-1	19	1
t001360	ma	ma	2	0	12	0
t001361	ma	ma	8	1	9	0
t001362	ma	ma	12	3	13	0
t001363	ma	ma	12	13	5	5
t001364	ma	ma	21	8	6	4
t001365	ma	ma	19	12	11	22
t001366	ma	ma	27	11	5	0
t001367	ma	ma	39	6	7	8
t001368	ma	ma	22	3	2	3
t001369	ma	ma	25	6	13	0
t001370	ma	ma	25	11	3	-1
t001371	ma	ma	20	14	3	9
t001372	ma	ma	23	14	4	1
t001373	ma	ma	29	6	6	6
t001374	ma	ma	34	14	16	6
t001375	ma	ma	31	27	8	9
t001376	ma	ma	6	11	7	7
t001377	ma	ma	10	4	3	5
t001378	ma	ma	13	10	7	6
t001379	mg	mg	13	4	3	2
t001380	mg	mg	15	1	0	0
t001381	mg	mg	4	3	1	1
t001382	mg	mg	21	2	5	2
t001383	mg	mg	25	4	4	6
t001384	mg	mg	22	5	7	7
t001385	mg	mg	15	2	1	5
t001386	mg	mg	14	5	4	3
t001387	mg	mg	16	1	2	0
t001388	mg	mg	18	0	2	2
t001389	mg	mg	21	2	2	0
t001390	mg	mg	13	0	4	2
t001391	mg	mg	7	0	1	1
t001392	mg	mg	19	5	3	1
t001393	mg	mg	25	6	1	4
t001394	mg	mg	25	2	4	4
t001395	mg	mg	29	1	2	3
t001396	mg	mg	25	4	6	-3
t001397	mg	mg	18	10	3	1
t001398	mg	mg	12	0	3	0
t001399	mg	mg	18	2	2	0
t001400	mg	mg	11	1	0	0
t001401	mg	mg	16	2	4	2
t001402	mg	mg	17	4	10	0
t001403	mg	mg	15	0	8	3
t001404	mg	mg	19	3	5	1
t001405	mg	mg	14	1	5	0
t001406	mg	mg	24	1	6	2
t001407	mg	mg	12	2	10	9
t001408	mg	mg	12	1	2	3
t001409	mg	mg	11	0	1	2
t001410	mg	mg	15	2	2	5
t001411	mg	mg	23	6	1	6
t001412	mg	mg	10	3	2	5
t001413	mg	mg	10	6	4	5
t001414	mg	mg	7	2	3	7
t001415	mg	mg	13	2	0	2
t001416	mg	mg	15	2	5	4
t001417	mg	mg	12	3	2	4
t001418	mg	mg	11	1	5	2
t001419	mg	mg	4	1	3	5
t001420	mg	mg	21	2	3	-1
t001421	mg	mg	20	20	11	4
t001422	mg	mg	20	4	5	1
t001423	mg	mg	27	8	7	2
t001424	mg	mg	15	7	3	3
t001425	mg	mg	11	1	2	2
t001426	mg	mg	5	3	3	1
t001427	mg	mg	14	0	4	0
t001428	mg	mg	13	10	4	0
t001429	mg	mg	8	3	0	0
t001430	mg	mg	18	2	3	2
t001431	mg	mg	20	1	5	-2
t001432	mg	mg	9	3	2	0
t001433	mg	mg	17	6	2	2
t001434	mg	mg	15	7	3	0
t001435	mg	mg	22	7	6	3
t001436	mg	mg	9	4	7	3
t001437	mg	mg	11	1	4	1
t001438	mg	mg	6	1	6	1
t001439	mg	mg	9	3	4	4
t001440	mg	mg	13	3	8	0
t001441	mg	mg	16	3	6	2
t001442	mg	mg	8	3	6	3
t001443	mg	mg	8	0	6	5
t001444	mg	mg	8	1	1	2
t001445	mg	mg	10	1	2	0
t001446	mg	mg	10	3	0	0
t001447	mg	mg	13	2	0	1
t001448	mg	mg	12	8	2	0
t001449	mg	mg	29	3	3	3
t001450	mg	mg	14	3	3	0
t001451	mg	mg	14	1	4	0
t001452	mg	mg	16	-1	1	3
t001453	mg	mg	31	2	6	0
t001454	mg	mg	7	0	0	0
t001455	mg	mg	15	2	1	1
t001456	mg	mg	14	-1	5	1
t001457	mg	mg	17	-2	9	1
t001458	mg	mg	12	2	8	0
t001459	mg	mg	16	2	4	0
t001460	mg	mg	26	1	4	1
t001461	mg	mg	25	3	6	3
t001462	mg	mg	19	4	5	1
t001463	mg	mg	25	3	4	2
t001464	mg	mg	35	1	9	1
t001465	mg	mg	12	-2	3	1
t001466	mg	mg	9	-2	1	1
t001467	mg	mg	21	-1	5	0
t001468	mg	mg	24	-1	6	1
t001469	mg	mg	34	1	3	0
t001470	mg	mg	10	6	13	1
t001471	mg	mg	7	-2	6	0
t001472	mg	mg	12	-1	4	0
t001473	mg	mg	13	4	0	1
t001474	mg	mg	26	-2	1	0
t001475	mg	mg	16	-2	1	2
t001476	mg	mg	12	-2	0	0
t001477	mg	mg	14	4	5	0
t001478	mg	mg	13	6	3	-1
t001479	mg	mg	17	3	5	0
t001480	mg	mg	33	3	6	2
t001481	mg	mg	12	2	4	-2
t001482	mg	mg	31	1	2	0
t001483	mg	mg	12	3	4	0
t001484	mg	mg	21	0	4	0
t001485	mg	mg	11	17	3	2
t001486	mg	mg	19	26	6	8
t001487	mg	mg	5	10	7	2
t001488	mg	mg	14	15	1	3
t001489	mg	mg	30	14	8	0
t001490	mg	mg	11	7	2	1
t001491	mg	mg	10	5	6	4
t001492	mg	mg	10	6	2	3
t001493	mg	mg	11	3	1	5
t001494	mg	mg	18	10	3	1
t001495	mg	mg	11	6	2	1
t001496	mg	mg	10	9	3	0
t001497	mg	mg	51	11	11	0
t001498	mg	mg	23	6	2	-3
t001499	mg	mg	20	4	2	0
t001500	mg	mg	17	3	1	1
t001501	mg	mg	13	0	1	0
t001502	mg	mg	12	9	1	6
t001503	mg	mg	12	14	2	1
t001504	mg	mg	19	3	1	0
t001505	mg	mg	22	5	9	8
t001506	mg	mg	15	11	3	1
t001507	mg	mg	15	11	3	1
t001508	mg	mg	25	10	2	2
t001509	mg	mg	27	8	0	1
t001510	mg	mg	14	2	0	2
t001511	mg	mg	22	2	5	-3
t001512	mg	mg	7	2	2	0
t001513	mg	mg	15	11	7	6
t001514	mg	mg	8	2	2	4
t001515	mg	mg	20	6	5	1
t001516	mg	mg	12	3	1	2
t001517	mg	mg	13	10	5	1
t001518	mg	mg	15	5	2	4
t001519	mg	mg	18	1	1	0
t001520	mg	mg	12	11	1	1
t001521	mg	mg	9	5	2	3
t001522	mg	mg	17	2	2	1
t001523	mg	mg	31	0	4	0
t001524	mg	mg	23	3	2	1
t001525	mg	mg	9	4	1	1
t001526	mg	mg	17	-1	0	2
t001527	mg	mg	9	-1	3	1
t001528	mg	mg	9	-1	1	2
t001529	mg	mg	26	0	4	0
t001530	mg	mg	9	1	1	0
t001531	mg	mg	28	2	4	0
t001532	mg	mg	11	3	5	0
t001533	mg	mg	5	3	2	0
t001534	mg	mg	11	2	4	-1
t001535	mg	mg	9	2	4	3
t001536	mg	mg	33	9	7	0
t001537	mg	mg	16	8	6	0
t001538	mg	mg	21	3	3	0
t001539	mg	mg	17	1	1	-2
t001540	mg	mg	27	8	0	0
t001541	mg	mg	10	3	1	0
t001542	mg	mg	15	2	1	-1
t001543	mg	mg	34	2	8	-1
t001544	mg	mg	13	3	2	0
t001545	mg	mg	23	14	0	4
t001546	mg	mg	27	3	3	0
t001547	mg	mg	19	1	5	1
t001548	mg	mg	20	3	1	0
t001549	mg	mg	31	8	9	8
t001550	mg	mg	28	6	3	2
t001551	mg	mg	39	14	4	2
t001552	mg	mg	39	4	3	1
t001553	mg	mg	20	1	4	0
t001554	mg	mg	30	1	3	2
t001555	mg	mg	49	16	7	4
t001556	mg	mg	32	12	2	3
t001557	mg	mg	38	12	5	2
t001558	mg	mg	25	2	1	5
t001559	mg	mg	18	0	2	0
t001560	mg	mg	18	12	2	4
t001561	mg	mg	57	12	7	7
t001562	mg	mg	19	5	1	2
t001563	mg	mg	25	5	0	4
t001564	mg	mg	55	10	4	6
t001565	mg	mg	25	11	2	2
t001566	mg	mg	19	5	1	-1
t001567	mg	mg	24	21	2	2
t001568	mg	mg	9	21	4	0
t001569	mg	mg	16	15	5	0
t001570	mg	mg	11	15	3	0
t001571	mg	mg	24	13	5	1
t001572	mg	mg	30	7	1	0
t001573	mg	mg	16	23	3	3
t001574	mg	mg	2	12	2	0
t001575	mg	mg	14	14	4	-3
t001576	mg	mg	15	6	1	0
t001577	mg	mg	11	6	1	0
t001578	mg	mg	30	10	3	-2
t001579	mg	mg	35	17	9	6
t001580	mg	mg	32	13	7	2
t001581	mg	mg	37	11	10	1
t001582	mg	mg	32	11	6	4
t001583	mg	mg	19	6	5	8
t001584	mg	mg	15	6	1	1
t001585	mg	mg	24	10	6	1
t001586	mg	mg	20	5	3	5
t001587	mg	mg	13	30	3	1
t001588	mg	mg	19	28	5	1
t001589	mg	mg	29	26	4	5
t001590	mg	mg	5	14	0	2
t001591	mg	mg	13	11	2	0
t001592	mg	mg	19	15	1	-2
t001593	mg	mg	5	10	1	0
t001594	mg	mg	4	16	0	1
t001595	mg	mg	11	14	2	-1
t001596	mg	mg	6	12	1	1
t001597	mg	mg	28	7	7	-1
t001598	mg	mg	12	7	1	0
t001599	mg	mg	15	16	3	4
t001600	mg	mg	29	17	4	7
t001601	mg	mg	23	13	4	4
t001602	mg	mg	23	24	10	12
t001603	mg	mg	6	13	4	5
t001604	mg	mg	9	5	4	6
t001605	mg	mg	12	7	4	10
t001606	mg	mg	7	11	2	9
t001607	mg	mg	5	9	2	11
t001608	mg	mg	22	20	4	14
t001609	mg	mg	16	22	7	5
t001610	mg	mg	11	4	2	1
t001611	mg	mg	16	10	2	2
t001612	mg	mg	13	4	1	0
t001613	mg	mg	5	7	0	0
t001614	mg	mg	10	8	2	0
t001615	mg	mg	11	18	8	12
t001616	mg	mg	23	7	6	6
t001617	mg	mg	19	25	8	0
t001618	mg	mg	31	19	6	0
t001619	mg	mg	23	20	8	14
t001620	mg	mg	21	26	7	16
t001621	mg	mg	17	16	4	1
t001622	mg	mg	29	9	5	3
t001623	mg	mg	14	14	2	2
t001624	mg	mg	16	6	2	9
t001625	mg	mg	7	8	3	1
t001626	mg	mg	13	22	3	8
t001627	mg	mg	11	9	6	1
t001628	mg	mg	15	7	5	5
t001629	mg	mg	18	4	4	1
t001630	mg	mg	32	27	7	1
t001631	mg	mg	41	8	7	-2
t001632	mg	mg	28	4	2	0
t001633	mg	mg	11	1	1	0
t001634	mg	mg	20	3	0	-1
t001635	mg	mg	13	5	1	0
t001636	mg	mg	9	4	10	2
t001637	mg	mg	5	-1	15	0
t001638	mg	mg	20	6	16	1
t001639	mg	mg	7	1	15	1
t001640	mg	mg	6	1	21	1
t001641	mg	mg	14	-4	35	0
t001642	mg	mg	6	1	8	0
t001643	mg	mg	4	2	14	1
t001644	mg	mg	5	0	25	0
t001645	mg	mg	18	24	6	4
t001646	mg	mg	7	17	9	4
t001647	mg	mg	39	15	10	2
t001648	mg	mg	15	14	7	3
t001649	mg	mg	11	8	7	5
t001650	mg	mg	29	12	4	7
t001651	mg	mg	13	6	2	0
t001652	mg	mg	6	4	8	3
t001653	mg	mg	6	0	16	0
t001654	mg	mg	12	7	4	2
t001655	mg	mg	12	3	7	8
t001656	mg	mg	6	4	2	7
t001657	mg	mg	2	10	5	4
t001658	mg	mg	3	8	7	3
t001659	mg	mg	2	6	8	4
t001660	mg	mg	11	8	9	3
t001661	mg	mg	8	1	10	1
t001662	mg	mg	4	1	12	0
t001663	mg	mg	8	1	16	1
t001664	mg	mg	14	7	11	1
t001665	mg	mg	9	6	14	2
t001666	mg	mg	6	3	5	2
t001667	mg	mg	4	1	11	1
t001668	mg	mg	8	2	11	2
t001669	mg	mg	8	2	11	2
t001670	mg	mg	13	7	16	0
t001671	mg	mg	3	10	7	4
t001672	ms	ms	7	15	3	2
t001673	ms	ms	93	43	15	5
t001674	ms	ms	2	7	2	10
t001675	ms	ms	5	9	4	3
t001676	ms	ms	25	18	9	0
t001677	ms	ms	18	18	5	4
t001678	ms	ms	16	17	3	6
t001679	ms	ms	15	20	2	7
t001680	ms	ms	24	45	5	8
t001681	ms	ms	25	13	7	0
t001682	ms	ms	12	8	0	10
t001683	ms	ms	15	7	4	0
t001684	ms	ms	10	7	4	3
t001685	ms	ms	2	8	5	1
t001686	ms	ms	7	6	0	2
t001687	ms	ms	7	6	3	0
t001688	ms	ms	8	6	5	4
t001689	ms	ms	27	9	4	5
t001690	ms	ms	34	14	4	6
t001691	ms	ms	21	8	3	4
t001692	ms	ms	19	3	3	1
t001693	ms	ms	20	12	9	1
t001694	ms	ms	10	17	3	1
t001695	ms	ms	19	12	4	-3
t001696	ms	ms	10	10	4	2
t001697	ms	ms	8	6	1	0
t001698	ms	ms	44	20	8	1
t001699	ms	ms	9	14	2	1
t001700	ms	ms	58	12	8	5
t001701	ms	ms	49	7	6	1
t001702	ms	ms	37	8	4	7
t001703	ms	ms	59	11	8	1
t001704	ms	ms	12	11	1	1
t001705	ms	ms	25	22	3	-2
t001706	ms	ms	15	8	4	-2
t001707	ms	ms	14	15	1	1
t001708	ms	ms	17	10	5	2
t001709	ms	ms	17	19	5	1
t001710	ms	ms	20	22	3	2
t001711	ms	ms	13	12	4	1
t001712	ms	ms	23	16	1	0
t001713	ms	ms	13	5	0	-1
t001714	ms	ms	29	2	9	-2
t001715	ms	ms	33	18	2	5
t001716	ms	ms	20	3	3	1
t001717	ms	ms	18	1	3	0
t001718	ms	ms	12	6	2	0
t001719	ms	ms	9	4	2	4
t001720	ms	ms	16	-1	5	5
t001721	ms	ms	13	2	5	3
t001722	ms	ms	19	14	2	5
t001723	ms	ms	47	8	7	2
t001724	ms	ms	21	25	4	2
t001725	ms	ms	12	18	1	2
t001726	ms	ms	48	9	9	3
t001727	ms	ms	11	19	6	5
t001728	ms	ms	40	11	8	5
t001729	ms	ms	8	12	3	10
t001730	ms	ms	12	9	3	2
t001731	ms	ms	15	17	3	4
t001732	ms	ms	8	13	3	5
t001733	ms	ms	6	13	1	6
t001734	ms	ms	12	8	1	11
t001735	ms	ms	10	4	5	0
t001736	ms	ms	7	4	0	0
t001737	ms	ms	9	6	4	4
t001738	ms	ms	13	7	3	0
t001739	ms	ms	5	8	5	2
t001740	ms	ms	8	8	2	0
t001741	ms	ms	12	10	4	1
t001742	ms	ms	4	6	5	7
t001743	ms	ms	34	10	7	6
t001744	ms	ms	21	8	3	4
t001745	ms	ms	23	11	4	-3
t001746	ms	ms	12	2	4	0
t001747	ms	ms	17	12	3	0
t001748	ms	ms	45	20	8	1
t001749	ms	ms	5	5	17	2
t001750	ms	ms	10	3	9	2
t001751	ms	ms	9	4	14	1
t001752	ms	ms	7	-1	35	1
t001753	ms	ms	6	6	9	0
t001754	ms	ms	4	3	24	0
t001755	ms	ms	7	-1	16	2
t001756	ms	ms	10	3	11	0
t001757	ms	ms	5	-1	16	0
t001758	ms	ms	32	5	13	3
t001759	ms	ms	12	5	2	0
t001760	ms	ms	20	-1	2	4
t001761	ms	ms	40	3	7	2
t001762	ms	ms	34	10	10	7
t001763	ms	ms	9	0	2	2
t001764	ms	ms	16	7	3	2
t001765	ms	ms	3	1	1	1
t001766	ms	ms	34	8	4	4
t001767	ms	ms	31	4	3	4
t001768	ms	ms	29	0	9	-1
t001769	ms	ms	29	6	7	1
t001770	ms	ms	31	2	4	2
t001771	ms	ms	21	2	0	3
t001772	ms	ms	0	0	2	1
t001773	ms	ms	12	4	4	6
t001774	mt	mt	9	11	3	0
t001775	mt	mt	69	26	23	0
t001776	mt	mt	14	4	4	2
t001777	mt	mt	28	11	10	7
t001778	mt	mt	55	8	17	2
t001779	mt	mt	23	6	6	3
t001780	mt	mt	19	2	6	1
t001781	mt	mt	42	3	3	0
t001782	mt	mt	29	7	6	2
t001783	mt	mt	11	6	5	0
t001784	mt	mt	22	6	2	-3
t001785	mt	mt	32	10	17	-2
t001786	mt	mt	35	5	8	-3
t001787	mt	mt	48	15	13	1
t001788	mt	mt	36	15	12	8
t001789	mt	mt	42	18	8	18
t001790	mt	mt	35	15	15	13
t001791	mt	mt	12	10	1	5
t001792	mt	mt	22	10	4	1
t001793	mt	mt	16	7	5	2
t001794	mt	mt	39	19	5	9
t001795	mt	mt	16	6	7	5
t001796	mt	mt	38	18	16	10
t001797	mt	mt	78	40	17	4
t001798	mt	mt	13	4	5	1
t001799	mt	mt	32	1	15	1
t001800	mt	mt	8	1	0	0
t001801	mt	mt	30	3	6	0
t001802	mt	mt	13	0	1	-1
t001803	mt	mt	27	1	3	0
t001804	mt	mt	38	3	2	0
t001805	mt	mt	19	-2	10	1
t001806	mt	mt	42	2	3	3
t001807	mt	mt	72	6	27	7
t001808	mt	mt	9	-2	10	10
t001809	mt	mt	22	-3	6	2
t001810	mt	mt	23	1	8	0
t001811	mt	mt	30	1	8	1
t001812	mt	mt	14	-1	5	2
t001813	mt	mt	21	1	7	-2
t001814	mt	mt	37	1	7	0
t001815	mt	mt	10	0	2	0
t001816	mt	mt	7	1	3	1
t001817	mt	mt	9	0	16	1
t001818	mt	mt	4	-1	5	2
t001819	mt	mt	39	8	9	1
t001820	mt	mt	12	2	9	3
t001821	mt	mt	26	5	4	3
t001822	mt	mt	17	1	7	6
t001823	mt	mt	14	0	4	7
t001824	mt	mt	10	2	4	10
t001825	mt	mt	10	5	2	5
t001826	mt	mt	17	2	0	3
t001827	mt	mt	30	9	16	2
t001828	mt	mt	7	8	4	3
t001829	mt	mt	37	16	16	3
t001830	mt	mt	28	-1	0	1
t001831	mt	mt	16	3	4	3
t001832	mt	mt	65	2	16	2
t001833	mt	mt	21	0	6	1
t001834	mt	mt	36	-1	5	1
t001835	mt	mt	38	4	3	0
t001836	mt	mt	20	0	10	-2
t001837	mt	mt	24	1	9	6
t001838	mt	mt	21	2	9	4
t001839	mt	mt	21	16	5	3
t001840	mt	mt	21	2	1	5
t001841	mt	mt	18	-3	11	0
t001842	mt	mt	10	-2	6	1
t001843	mt	mt	34	2	8	4
t001844	mt	mt	40	14	19	3
t001845	mt	mt	43	3	7	-1
t001846	mt	mt	24	4	2	2
t001847	mt	mt	30	2	3	2
t001848	mt	mt	19	0	1	2
t001849	mt	mt	17	1	4	2
t001850	mt	mt	15	2	0	0
t001851	mt	mt	12	3	1	0
t001852	mt	mt	26	6	2	-2
t001853	mt	mt	17	6	1	2
t001854	mt	mt	36	5	10	5
t001855	mt	mt	15	0	1	0
t001856	mt	mt	19	3	5	1
t001857	mt	mt	11	4	5	1
t001858	mt	mt	44	2	18	10
t001859	mt	mt	15	1	11	1
t001860	mt	mt	19	0	11	9
t001861	mt	mt	18	1	6	3
t001862	mt	mt	18	1	3	2
t001863	mt	mt	54	3	19	3
t001864	mt	mt	21	3	3	-3
t001865	mt	mt	28	5	6	7
t001866	mt	mt	25	3	3	1
t001867	mt	mt	17	11	4	2
t001868	mt	mt	66	6	19	1
t001869	mt	mt	45	2	16	-1
t001870	mt	mt	24	2	8	-1
t001871	mt	mt	22	8	2	1
t001872	mt	mt	25	4	5	-1
t001873	mt	mt	15	2	3	1
t001874	mt	mt	28	1	3	-2
t001875	mt	mt	16	2	3	-1
t001876	mt	mt	18	3	2	0
t001877	mt	mt	17	-1	2	0
t001878	mt	mt	16	0	1	-1
t001879	mt	mt	27	6	1	-4
t001880	mt	mt	21	4	1	1
t001881	mt	mt	23	4	2	3
t001882	mt	mt	28	2	3	4
t001883	mt	mt	12	2	3	4
t001884	mt	mt	9	1	11	1
t001885	mt	mt	20	4	1	2
t001886	mt	mt	12	3	1	0
t001887	mt	mt	44	18	8	10
t001888	mt	mt	37	7	5	9
t001889	mt	mt	7	0	0	3
t001890	mt	mt	33	2	1	1
t001891	mt	mt	16	5	2	-1
t001892	mt	mt	13	3	0	4
t001893	mt	mt	27	18	5	5
t001894	mt	mt	18	9	5	9
t001895	mt	mt	15	7	1	6
t001896	mt	mt	21	2	3	2
t001897	mt	mt	4	0	0	2
t001898	mt	mt	14	4	1	4
t001899	mt	mt	29	19	2	1
t001900	mt	mt	42	34	6	0
t001901	mt	mt	35	15	5	5
t001902	mt	mt	29	20	12	16
t001903	mt	mt	16	11	7	3
t001904	mt	mt	47	19	10	1
t001905	mt	mt	19	9	0	2
t001906	mt	mt	5	7	-1	6
t001907	mt	mt	12	16	4	10
t001908	mt	mt	13	3	6	1
t001909	mt	mt	15	7	1	3
t001910	mt	mt	8	3	1	0
t001911	mt	mt	28	15	9	14
t001912	mt	mt	3	4	3	3
t001913	mt	mt	10	2	0	2
t001914	mt	mt	13	11	2	3
t001915	mt	mt	13	9	5	5
t001916	mt	mt	18	9	7	4
t001917	mt	mt	17	4	3	4
t001918	mt	mt	11	1	3	6
t001919	mt	mt	7	1	1	2
t001920	mt	mt	48	29	12	9
t001921	mt	mt	8	3	2	1
t001922	mt	mt	12	6	0	2
t001923	mt	mt	37	13	11	1
t001924	mt	mt	50	7	7	5
t001925	mt	mt	25	4	1	0
t001926	mt	mt	24	2	5	-1
t001927	mt	mt	51	7	5	5
t001928	mt	mt	74	4	10	-1
t001929	mt	mt	18	5	6	2
t001930	mt	mt	34	5	2	-2
t001931	mt	mt	26	3	3	-3
t001932	mt	mt	47	18	1	10
t001933	mt	mt	52	12	20	10
t001934	mt	mt	32	9	3	3
t001935	mt	mt	7	3	0	2
t001936	mt	mt	66	10	5	9
t001937	mt	mt	18	4	2	1
t001938	mt	mt	36	2	5	1
t001939	mt	mt	11	3	0	3
t001940	mt	mt	33	11	5	1
t001941	mt	mt	27	3	4	0
t001942	mt	mt	29	4	10	6
t001943	mt	mt	59	9	11	10
t001944	mt	mt	31	2	1	3
t001945	mt	mt	41	0	6	8
t001946	mt	mt	8	3	0	0
t001947	mt	mt	25	2	5	-1
t001948	mt	mt	20	5	6	-1
t001949	mt	mt	18	5	0	1
t001950	mt	mt	34	11	8	1
t001951	mt	mt	47	8	12	0
t001952	mt	mt	8	0	0	0
t001953	mt	mt	41	3	9	-1
t001954	mt	mt	27	3	4	0
t001955	mt	mt	49	7	3	0
t001956	mt	mt	29	1	3	0
t001957	mt	mt	24	1	4	1
t001958	mt	mt	13	0	4	0
t001959	mt	mt	14	1	4	-1
t001960	mt	mt	8	1	2	-1
t001961	mt	mt	12	4	3	0
t001962	mt	mt	14	1	3	0
t001963	mt	mt	62	7	12	-12
t001964	mt	mt	28	24	1	-1
t001965	mt	mt	33	13	6	-2
t001966	mt	mt	22	8	0	1
t001967	mt	mt	26	6	1	1
t001968	mt	mt	13	2	1	0
t001969	mt	mt	11	3	2	0
t001970	mt	mt	10	5	0	0
t001971	mt	mt	16	19	2	0
t001972	mt	mt	13	10	1	1
t001973	mt	mt	36	35	12	1
t001974	mt	mt	25	26	5	-2
t001975	mt	mt	5	8	0	-1
t001976	mt	mt	3	15	6	2
t001977	mt	mt	18	2	22	3
t001978	mt	mt	15	9	19	4
t001979	mt	mt	7	3	13	1
t001980	mt	mt	17	7	16	9
t001981	mt	mt	4	1	18	1
t001982	mt	mt	10	3	15	2
t001983	mt	mt	10	4	13	3
t001984	mt	mt	8	6	17	2
t001985	mt	mt	1	1	7	1
t001986	mt	mt	15	9	32	6
t001987	mt	mt	2	1	11	1
t001988	mt	mt	2	1	16	2
t001989	mt	mt	5	0	21	3
t001990	mt	mt	8	2	24	1
t001991	mt	mt	1	1	11	0
t001992	mt	mt	6	0	30	2
t001993	mt	mt	4	1	14	1
t001994	mt	mt	11	0	20	2
t001995	mt	mt	9	-3	24	5
t001996	mt	mt	11	-2	29	0
t001997	mt	mt	15	0	29	1
t001998	mt	mt	7	0	20	4
t001999	mt	mt	10	-1	29	-1
t002000	mt	mt	17	10	30	2
t002001	pa	pa	12	3	4	4
t002002	pa	pa	7	5	0	2
t002003	pa	pa	33	1	4	2
t002004	pa	pa	13	5	6	4
t002005	pa	pa	24	1	5	7
t002006	pa	pa	16	9	4	1
t002007	pa	pa	23	1	3	2
t002008	pa	pa	47	2	7	3
t002009	pa	pa	47	9	14	8
t002010	pa	pa	38	13	11	10
t002011	pa	pa	14	3	0	4
t002012	pa	pa	10	1	3	1
t002013	pa	pa	19	3	3	3
t002014	pa	pa	55	8	12	6
t002015	pa	pa	17	5	2	6
t002016	pa	pa	32	8	6	5
t002017	pa	pa	38	8	3	4
t002018	pa	pa	10	6	3	8
t002019	pa	pa	42	11	5	10
t002020	pa	pa	49	0	10	2
t002021	pa	pa	6	5	2	4
t002022	pa	pa	17	19	6	4
t002023	pa	pa	22	23	7	1
t002024	pa	pa	26	18	10	5
t002025	pa	pa	13	5	4	7
t002026	pa	pa	15	14	5	6
t002027	pa	pa	4	5	1	3
t002028	pa	pa	7	4	4	5
t002029	pa	pa	13	6	1	13
t002030	pa	pa	8	7	2	1
t002031	pa	pa	28	27	3	5
t002032	pa	pa	72	39	10	10
t002033	pa	pa	49	14	8	4
t002034	pa	pa	6	2	0	4
t002035	pa	pa	43	6	6	26
t002036	pa	pa	38	4	4	9
t002037	pa	pa	29	5	2	2
t002038	pa	pa	36	8	13	1
t002039	pa	pa	102	29	17	8
t002040	pa	pa	57	28	2	3
t002041	pa	pa	41	15	7	3
t002042	pa	pa	79	26	13	4
t002043	pa	pa	13	4	1	-2
t002044	pa	pa	81	7	8	10
t002045	pa	pa	23	0	0	1
t002046	pa	pa	44	1	1	9
t002047	pa	pa	59	7	12	18
t002048	pa	pa	22	-1	1	1
t002049	pa	pa	68	7	6	21
t002050	pa	pa	44	3	8	2
t002051	pa	pa	28	3	1	1
t002052	pa	pa	36	16	2	4
t002053	pa	pa	28	1	3	1
t002054	pa	pa	23	0	0	1
t002055	pa	pa	28	0	1	1
t002056	pa	pa	41	3	8	5
t002057	pa	pa	35	5	4	3
t002058	pa	pa	38	5	2	7
t002059	pa	pa	35	6	4	4
t002060	pa	pa	29	2	1	2
t002061	pa	pa	26	0	0	2
t002062	pa	pa	53	4	5	1
t002063	pa	pa	22	0	3	2
t002064	pa	pa	31	1	5	-1
t002065	pa	pa	20	0	1	-2
t002066	pa	pa	27	1	4	-3
t002067	pa	pa	30	2	6	-4
t002068	pa	pa	24	4	5	0
t002069	pa	pa	37	9	2	4
t002070	pa	pa	32	3	2	1
t002071	pa	pa	24	1	5	-1
t002072	pa	pa	7	0	0	1
t002073	pa	pa	50	6	9	7
t002074	pa	pa	21	0	2	4
t002075	pa	pa	29	0	2	7
t002076	pa	pa	32	2	2	2
t002077	pa	pa	25	2	2	3
t002078	pa	pa	25	4	4	2
t002079	pa	pa	40	8	2	2
t002080	pa	pa	37	10	2	6
t002081	pa	pa	41	5	5	3
t002082	pa	pa	38	3	-1	15
t002083	pa	pa	32	7	1	12
t002084	pa	pa	50	2	1	4
t002085	pa	pa	31	3	2	6
t002086	pa	pa	40	5	6	5
t002087	pa	pa	25	3	1	11
t002088	pa	pa	38	2	1	3
t002089	pa	pa	41	7	5	15
t002090	pa	pa	49	16	6	8
t002091	pa	pa	31	2	3	4
t002092	pa	pa	51	7	3	8
t002093	pa	pa	47	4	3	10
t002094	pa	pa	34	10	1	1
t002095	pa	pa	16	15	2	3
t002096	pa	pa	24	21	1	5
t002097	pa	pa	29	11	2	3
t002098	pa	pa	6	2	1	2
t002099	pa	pa	27	14	1	1
t002100	pa	pa	27	12	3	-2
t002101	pa	pa	40	14	6	1
t002102	pa	pa	14	8	-1	1
t002103	pa	pa	37	17	3	3
t002104	pa	pa	39	11	6	3
t002105	pa	pa	32	17	6	3
t002106	pa	pa	15	2	9	0
t002107	pa	pa	29	9	5	2
t002108	pa	pa	30	8	4	3
t002109	pa	pa	29	8	-1	0
t002110	pa	pa	51	14	11	8
t002111	pa	pa	59	9	5	10
t002112	pa	pa	23	33	9	9
t002113	pa	pa	35	14	7	5
t002114	pa	pa	21	16	10	2
t002115	pa	pa	12	1	3	4
t002116	pa	pa	10	16	5	2
t002117	pa	pa	15	10	4	2
t002118	pa	pa	31	29	2	12
t002119	pa	pa	42	13	4	14
t002120	pa	pa	5	9	-1	8
t002121	pa	pa	21	17	2	3
t002122	pa	pa	13	13	3	7
t002123	pa	pa	9	11	5	3
t002124	pa	pa	44	23	9	17
t002125	pa	pa	31	8	7	8
t002126	pa	pa	15	14	7	10
t002127	pa	pa	40	22	8	7
t002128	pa	pa	11	3	4	1
t002129	pa	pa	38	24	5	17
t002130	pa	pa	22	14	5	2
t002131	pa	pa	26	6	2	15
t002132	pa	pa	13	6	1	7
t002133	pa	pa	27	19	4	15
t002134	pa	pa	29	22	9	10
t002135	pa	pa	23	15	1	4
t002136	pa	pa	19	18	5	10
t002137	pa	pa	8	22	5	11
t002138	pa	pa	9	11	3	11
t002139	pa	pa	27	15	7	11
t002140	pa	pa	53	13	2	12
t002141	pa	pa	30	26	8	5
t002142	pa	pa	9	4	2	5
t002143	pa	pa	25	18	1	9
t002144	pa	pa	21	6	4	0
t002145	pa	pa	20	14	4	1
t002146	pa	pa	39	11	7	3
t002147	pa	pa	33	13	3	-1
t002148	pa	pa	33	10	8	6
t002149	pa	pa	38	11	5	3
t002150	pa	pa	21	11	6	-2
t002151	pa	pa	20	8	5	1
t002152	pa	pa	10	2	13	2
t002153	pa	pa	15	23	16	4
t002154	pa	pa	10	9	6	7
t002155	pa	pa	29	6	15	7
t002156	pa	pa	4	9	11	6
t002157	pa	pa	16	10	11	9
t002158	pa	pa	17	15	13	9
t002159	pa	pa	14	10	13	12
t002160	pa	pa	17	2	14	3
t002161	pa	pa	19	7	14	12
t002162	pa	pa	9	5	11	-1
t002163	pa	pa	22	8	14	3
t002164	pa	pa	30	6	14	4
t002165	pa	pa	24	5	23	2
t002166	pa	pa	15	4	13	4
t002167	pa	pa	3	2	19	5
t002168	pa	pa	4	2	5	1
t002169	pa	pa	11	6	8	-2
t002170	pa	pa	18	6	2	8
t002171	pa	pa	24	23	9	2
t002172	pa	pa	42	10	8	2
t002173	pa	pa	17	1	4	13
t002174	pa	pa	14	7	1	6
t002175	pa	pa	11	1	0	1
t002176	pb	pb	6	8	1	4
t002177	pb	pb	16	0	6	0
t002178	pb	pb	16	3	4	0
t002179	pb	pb	59	6	5	2
t002180	pb	pb	19	2	3	1
t002181	pb	pb	34	4	4	3
t002182	pb	pb	38	6	11	-3
t002183	pb	pb	43	17	10	0
t002184	pb	pb	27	4	7	1
t002185	pb	pb	17	4	8	2
t002186	pb	pb	8	0	3	0
t002187	pb	pb	31	9	8	1
t002188	pb	pb	8	0	4	-1
t002189	pb	pb	9	2	4	0
t002190	pb	pb	19	1	1	0
t002191	pb	pb	11	5	7	1
t002192	pb	pb	20	2	6	-1
t002193	pb	pb	7	0	8	1
t002194	pb	pb	16	-2	8	0
t002195	pb	pb	6	1	1	1
t002196	pb	pb	22	12	7	2
t002197	pb	pb	16	0	9	1
t002198	pb	pb	8	2	1	1
t002199	pb	pb	8	2	6	3
t002200	pb	pb	9	1	1	0
t002201	pb	pb	17	1	0	-3
t002202	pb	pb	51	6	10	3
t002203	pb	pb	9	1	3	1
t002204	pb	pb	21	15	14	4
t002205	pb	pb	21	1	5	1
t002206	pb	pb	32	-3	13	1
t002207	pb	pb	33	4	17	-1
t002208	pb	pb	34	4	6	-2
t002209	pb	pb	12	1	1	0
t002210	pb	pb	26	-1	7	-1
t002211	pb	pb	32	6	8	-1
t002212	pb	pb	32	3	2	2
t002213	pb	pb	10	2	1	3
t002214	pb	pb	17	0	3	3
t002215	pb	pb	7	3	1	0
t002216	pb	pb	29	7	11	1
t002217	pb	pb	42	7	7	0
t002218	pb	pb	30	3	5	-1
t002219	pb	pb	13	2	1	1
t002220	pb	pb	28	0	-1	4
t002221	pb	pb	21	1	2	1
t002222	pb	pb	50	16	25	9
t002223	pb	pb	28	4	12	7
t002224	pb	pb	38	2	3	8
t002225	pb	pb	13	4	9	2
t002226	pb	pb	31	4	8	4
t002227	pb	pb	13	0	1	1
t002228	pb	pb	25	10	4	6
t002229	pb	pb	17	5	4	10
t002230	pb	pb	33	-1	12	6
t002231	pb	pb	17	0	4	1
t002232	pb	pb	13	17	5	2
t002233	pb	pb	21	23	5	4
t002234	pb	pb	18	16	2	3
t002235	pb	pb	8	23	4	1
t002236	pb	pb	32	21	10	6
t002237	pb	pb	46	6	12	6
t002238	pb	pb	39	8	15	-2
t002239	pb	pb	27	8	6	1
t002240	pb	pb	11	15	1	2
t002241	pb	pb	11	1	6	4
t002242	pb	pb	38	4	4	2
t002243	pb	pb	16	-2	2	1
t002244	pb	pb	14	1	0	1
t002245	pb	pb	13	2	1	-1
t002246	pb	pb	20	3	7	2
t002247	pb	pb	16	7	6	-3
t002248	pb	pb	7	0	1	1
t002249	pb	pb	76	10	20	5
t002250	pb	pb	58	0	11	1
t002251	pb	pb	33	-3	5	1
t002252	pb	pb	58	0	8	1
t002253	pb	pb	10	2	0	0
t002254	pb	pb	52	1	7	-1
t002255	pb	pb	5	-1	0	0
t002256	pb	pb	24	2	2	4
t002257	pb	pb	18	19	1	3
t002258	pb	pb	26	7	5	2
t002259	pb	pb	20	-2	6	2
t002260	pb	pb	35	7	11	1
t002261	pb	pb	22	2	4	1
t002262	pb	pb	30	2	6	-2
t002263	pb	pb	22	4	5	3
t002264	pb	pb	28	0	7	4
t002265	pb	pb	15	0	7	2
t002266	pb	pb	17	1	4	-1
t002267	pb	pb	46	1	11	6
t002268	pb	pb	37	6	9	4
t002269	pb	pb	48	4	19	2
t002270	pb	pb	13	1	4	-2
t002271	pb	pb	16	4	11	5
t002272	pb	pb	52	4	29	7
t002273	pb	pb	29	-3	7	-1
t002274	pb	pb	21	2	2	-1
t002275	pb	pb	4	0	2	1
t002276	pb	pb	15	2	3	0
t002277	pb	pb	29	-4	13	3
t002278	pb	pb	9	0	1	-3
t002279	pb	pb	20	5	4	0
t002280	pb	pb	16	0	2	-1
t002281	pb	pb	30	0	7	4
t002282	pb	pb	12	0	1	0
t002283	pb	pb	24	1	5	-2
t002284	pb	pb	36	2	6	-2
t002285	pb	pb	14	2	0	0
t002286	pb	pb	20	3	6	13
t002287	pb	pb	10	0	0	0
t002288	pb	pb	12	0	0	0
t002289	pb	pb	24	1	6	-2
t002290	pb	pb	27	0	9	-1
t002291	pb	pb	6	1	3	0
t002292	pb	pb	15	2	2	-1
t002293	pb	pb	33	1	6	-1
t002294	pb	pb	51	8	8	6
t002295	pb	pb	44	7	2	2
t002296	pb	pb	26	11	4	3
t002297	pb	pb	11	1	5	0
t002298	pb	pb	31	2	2	2
t002299	pb	pb	21	1	1	2
t002300	pb	pb	13	4	2	1
t002301	pb	pb	16	1	2	4
t002302	pb	pb	29	4	4	1
t002303	pb	pb	39	0	3	0
t002304	pb	pb	40	5	4	2
t002305	pb	pb	57	11	9	0
t002306	pb	pb	31	10	7	-4
t002307	pb	pb	44	8	5	4
t002308	pb	pb	18	9	2	7
t002309	pb	pb	14	1	1	4
t002310	pb	pb	15	3	2	2
t002311	pb	pb	7	1	1	7
t002312	pb	pb	12	2	4	2
t002313	pb	pb	63	8	14	6
t002314	pb	pb	35	9	6	6
t002315	pb	pb	49	9	4	2
t002316	pb	pb	22	2	5	3
t002317	pb	pb	20	3	2	-1
t002318	pb	pb	19	2	2	0
t002319	pb	pb	23	4	7	-2
t002320	pb	pb	16	11	2	0
t002321	pb	pb	27	2	12	2
t002322	pb	pb	18	4	1	-1
t002323	pb	pb	5	2	0	1
t002324	pb	pb	31	6	9	3
t002325	pb	pb	12	6	1	0
t002326	pb	pb	26	10	9	2
t002327	pb	pb	42	6	12	0
t002328	pb	pb	15	7	2	1
t002329	pb	pb	26	5	0	3
t002330	pb	pb	13	1	5	1
t002331	pb	pb	7	2	2	1
t002332	pb	pb	8	15	3	1
t002333	pb	pb	9	3	2	-1
t002334	pb	pb	18	10	7	0
t002335	pb	pb	18	3	4	1
t002336	pb	pb	16	4	3	0
t002337	pb	pb	14	6	4	-3
t002338	pb	pb	33	22	4	1
t002339	pb	pb	11	11	1	0
t002340	pb	pb	14	8	4	0
t002341	pb	pb	23	4	6	0
t002342	pb	pb	4	4	2	0
t002343	pb	pb	21	8	3	2
t002344	pb	pb	12	7	0	-1
t002345	pb	pb	25	17	3	1
t002346	pb	pb	16	15	6	0
t002347	pb	pb	18	8	2	0
t002348	pb	pb	16	16	2	0
t002349	pb	pb	18	16	7	1
t002350	pb	pb	32	22	7	2
t002351	pb	pb	10	14	4	0
t002352	pb	pb	12	6	9	2
t002353	pb	pb	4	9	8	1
t002354	pb	pb	6	3	12	2
t002355	pb	pb	9	9	34	20
t002356	pb	pb	5	6	10	2
t002357	pb	pb	17	2	28	5
t002358	pb	pb	6	4	10	3
t002359	pb	pb	7	-1	10	0
t002360	pb	pb	3	-4	23	1
t002361	pb	pb	3	0	16	0
t002362	pb	pb	1	0	20	0
t002363	pb	pb	6	2	8	1
t002364	pb	pb	-2	1	17	0
t002365	pb	pb	-2	-1	20	1
t002366	pb	pb	2	-2	17	0
t002367	pb	pb	2	-1	22	0
t002368	pb	pb	0	-1	16	1
t002369	pb	pb	2	0	15	1
t002370	pb	pb	0	0	10	0
t002371	pb	pb	0	0	10	1
t002372	pb	pb	2	-2	18	0
t002373	pb	pb	7	0	16	1
t002374	pb	pb	4	0	19	0
t002375	pb	pb	3	-1	17	0
t002376	pb	pb	3	0	21	0
t002377	pb	pb	4	-1	11	0
t002378	pb	pb	7	4	11	1
t002379	pb	pb	0	1	3	1
t002380	pb	pb	7	16	5	2
t002381	pb	pb	22	23	6	4
t002382	pb	pb	10	9	4	4
t002383	pb	pb	15	1	3	1
t002384	pb	pb	11	2	5	0
t002385	pe	pe	10	12	5	6
t002386	pe	pe	11	12	5	2
t002387	pe	pe	26	20	7	2
t002388	pe	pe	16	5	3	2
t002389	pe	pe	7	12	2	5
t002390	pe	pe	3	8	-1	1
t002391	pe	pe	15	2	4	2
t002392	pe	pe	21	3	4	1
t002393	pe	pe	29	3	5	0
t002394	pe	pe	27	18	3	1
t002395	pe	pe	29	8	3	-2
t002396	pe	pe	38	14	13	10
t002397	pe	pe	8	6	0	0
t002398	pe	pe	9	9	3	0
t002399	pe	pe	11	5	5	1
t002400	pe	pe	30	7	5	-1
t002401	pe	pe	28	3	5	2
t002402	pe	pe	13	1	0	1
t002403	pe	pe	16	4	2	1
t002404	pe	pe	23	1	5	1
t002405	pe	pe	8	0	0	0
t002406	pe	pe	42	4	2	3
t002407	pe	pe	4	1	1	0
t002408	pe	pe	34	-2	14	-1
t002409	pe	pe	11	1	-1	1
t002410	pe	pe	33	8	11	1
t002411	pe	pe	9	0	4	1
t002412	pe	pe	15	-1	1	0
t002413	pe	pe	36	6	10	4
t002414	pe	pe	13	0	2	0
t002415	pe	pe	11	2	1	1
t002416	pe	pe	17	11	6	3
t002417	pe	pe	15	4	5	0
t002418	pe	pe	7	1	3	1
t002419	pe	pe	16	0	6	1
t002420	pe	pe	27	6	2	1
t002421	pe	pe	12	1	0	1
t002422	pe	pe	8	1	3	1
t002423	pe	pe	26	4	2	1
t002424	pe	pe	26	3	6	2
t002425	pe	pe	10	0	7	0
t002426	pe	pe	4	0	3	0
t002427	pe	pe	19	1	4	2
t002428	pe	pe	27	3	4	0
t002429	pe	pe	11	0	3	0
t002430	pe	pe	15	2	3	0
t002431	pe	pe	46	3	8	-3
t002432	pe	pe	12	1	8	-4
t002433	pe	pe	11	0	3	-2
t002434	pe	pe	12	1	5	-4
t002435	pe	pe	5	1	3	-2
t002436	pe	pe	14	1	4	-1
t002437	pe	pe	32	3	9	-5
t002438	pe	pe	25	2	5	-3
t002439	pe	pe	13	1	1	0
t002440	pe	pe	8	1	2	0
t002441	pe	pe	14	-1	0	-4
t002442	pe	pe	5	1	4	-2
t002443	pe	pe	18	2	2	-2
t002444	pe	pe	19	7	2	2
t002445	pe	pe	12	0	3	0
t002446	pe	pe	21	2	5	0
t002447	pe	pe	10	0	7	0
t002448	pe	pe	12	1	3	0
t002449	pe	pe	26	6	1	3
t002450	pe	pe	11	0	1	1
t002451	pe	pe	30	6	2	0
t002452	pe	pe	10	2	6	1
t002453	pe	pe	16	2	0	4
t002454	pe	pe	11	1	0	0
t002455	pe	pe	35	9	2	10
t002456	pe	pe	16	8	2	4
t002457	pe	pe	31	7	3	3
t002458	pe	pe	7	0	1	1
t002459	pe	pe	26	7	2	6
t002460	pe	pe	4	2	1	4
t002461	pe	pe	15	5	2	4
t002462	pe	pe	8	1	4	2
t002463	pe	pe	12	3	1	4
t002464	pe	pe	8	10	2	1
t002465	pe	pe	8	15	4	2
t002466	pe	pe	13	18	6	1
t002467	pe	pe	20	9	3	2
t002468	pe	pe	7	12	2	5
t002469	pe	pe	3	8	-1	1
t002470	pe	pe	14	2	4	2
t002471	pe	pe	21	3	4	1
t002472	pe	pe	29	3	5	0
t002473	pe	pe	28	18	3	1
t002474	pe	pe	29	9	3	-2
t002475	pe	pe	37	14	13	10
t002476	pe	pe	19	14	1	2
t002477	pe	pe	18	18	6	2
t002478	pe	pe	26	3	4	5
t002479	pe	pe	15	4	1	1
t002480	pe	pe	22	1	1	0
t002481	pe	pe	18	10	4	0
t002482	pe	pe	13	16	1	1
t002483	pe	pe	9	4	0	0
t002484	pe	pe	15	22	3	-1
t002485	pe	pe	22	14	0	2
t002486	pe	pe	27	11	3	2
t002487	pe	pe	5	5	0	0
t002488	pe	pe	33	18	10	4
t002489	pe	pe	11	7	2	-1
t002490	pe	pe	9	12	3	0
t002491	pe	pe	15	10	0	1
t002492	pe	pe	24	24	4	0
t002493	pe	pe	2	6	0	0
t002494	pe	pe	11	8	0	0
t002495	pe	pe	46	6	8	5
t002496	pe	pe	14	2	0	2
t002497	pe	pe	27	3	2	4
t002498	pe	pe	35	0	5	-1
t002499	pe	pe	3	2	0	1
t002500	pe	pe	15	1	0	1
t002501	pe	pe	37	8	4	0
t002502	pe	pe	10	0	1	0
t002503	pe	pe	43	5	3	0
t002504	pe	pe	8	0	0	0
t002505	pe	pe	8	4	1	1
t002506	pe	pe	26	2	2	1
t002507	pe	pe	16	4	0	0
t002508	pe	pe	28	4	3	2
t002509	pe	pe	17	1	3	0
t002510	pe	pe	20	3	2	0
t002511	pe	pe	20	3	4	3
t002512	pe	pe	21	4	1	9
t002513	pe	pe	9	1	0	4
t002514	pe	pe	10	12	5	6
t002515	pe	pe	11	12	5	2
t002516	pe	pe	26	20	7	2
t002517	pe	pe	16	5	3	2
t002518	pe	pe	7	12	2	5
t002519	pe	pe	3	8	-1	1
t002520	pe	pe	15	2	4	2
t002521	pe	pe	21	3	4	1
t002522	pe	pe	29	3	5	0
t002523	pe	pe	27	18	3	1
t002524	pe	pe	29	8	3	-2
t002525	pe	pe	38	14	13	10
t002526	pe	pe	4	6	6	0
t002527	pe	pe	3	12	10	2
t002528	pe	pe	6	4	18	3
t002529	pe	pe	10	4	16	4
t002530	pe	pe	3	3	14	1
t002531	pe	pe	11	8	12	0
t002532	pe	pe	10	6	15	0
t002533	pe	pe	5	0	10	1
t002534	pe	pe	15	3	22	0
t002535	pe	pe	3	7	10	0
t002536	pe	pe	7	1	12	0
t002537	pe	pe	2	0	13	1
t002538	pe	pe	2	-1	19	1
t002539	pe	pe	4	-2	21	0
t002540	pe	pe	4	0	15	3
t002541	pe	pe	1	-2	16	1
t002542	pe	pe	7	0	6	-1
t002543	pi	pi	3	7	1	2
t002544	pi	pi	23	1	7	0
t002545	pi	pi	21	5	6	1
t002546	pi	pi	22	11	2	2
t002547	pi	pi	15	1	0	0
t002548	pi	pi	8	2	1	1
t002549	pi	pi	14	1	6	0
t002550	pi	pi	11	1	7	0
t002551	pi	pi	29	4	16	6
t002552	pi	pi	22	3	7	0
t002553	pi	pi	28	1	3	6
t002554	pi	pi	16	6	1	1
t002555	pi	pi	15	3	2	2
t002556	pi	pi	15	2	1	2
t002557	pi	pi	13	1	0	0
t002558	pi	pi	20	1	7	7
t002559	pi	pi	16	3	2	4
t002560	pi	pi	10	0	5	1
t002561	pi	pi	10	-1	2	1
t002562	pi	pi	12	0	1	1
t002563	pi	pi	36	13	4	5
t002564	pi	pi	19	7	6	2
t002565	pi	pi	19	4	3	0
t002566	pi	pi	27	5	1	2
t002567	pi	pi	18	7	5	2
t002568	pi	pi	10	7	2	0
t002569	pi	pi	45	2	10	-4
t002570	pi	pi	42	11	7	2
t002571	pi	pi	12	1	2	0
t002572	pi	pi	9	2	3	1
t002573	pi	pi	16	0	3	0
t002574	pi	pi	14	7	1	2
t002575	pi	pi	32	13	2	2
t002576	pi	pi	14	2	0	4
t002577	pi	pi	46	5	4	4
t002578	pi	pi	22	4	3	6
t002579	pi	pi	10	5	3	3
t002580	pi	pi	8	0	1	2
t002581	pi	pi	3	0	2	3
t002582	pi	pi	28	10	2	11
t002583	pi	pi	15	3	3	3
t002584	pi	pi	3	2	0	3
t002585	pi	pi	11	7	2	4
t002586	pi	pi	5	15	1	1
t002587	pi	pi	21	24	8	1
t002588	pi	pi	29	45	2	6
t002589	pi	pi	33	28	7	7
t002590	pi	pi	16	12	3	-2
t002591	pi	pi	32	40	10	5
t002592	pi	pi	19	12	3	-2
t002593	pi	pi	22	22	11	12
t002594	pi	pi	39	19	4	2
t002595	pi	pi	58	2	15	3
t002596	pi	pi	58	26	7	-3
t002597	pi	pi	62	26	12	1
t002598	pi	pi	31	17	11	4
t002599	pi	pi	57	33	18	18
t002600	pi	pi	29	10	4	2
t002601	pi	pi	36	20	3	3
t002602	pi	pi	24	7	0	0
t002603	pi	pi	30	2	2	1
t002604	pi	pi	21	7	2	2
t002605	pi	pi	11	6	0	0
t002606	pi	pi	37	11	6	1
t002607	pi	pi	31	31	7	2
t002608	pi	pi	38	30	5	2
t002609	pi	pi	56	29	1	3
t002610	pi	pi	36	15	9	0
t002611	pi	pi	51	6	8	1
t002612	pi	pi	66	8	7	6
t002613	pi	pi	24	9	2	6
t002614	pi	pi	16	4	1	6
t002615	pi	pi	22	11	1	1
t002616	pi	pi	38	1	7	3
t002617	pi	pi	35	9	8	4
t002618	pi	pi	20	4	2	2
t002619	pi	pi	21	4	4	2
t002620	pi	pi	25	7	3	1
t002621	pi	pi	53	12	4	6
t002622	pi	pi	14	1	0	1
t002623	pi	pi	42	6	6	-2
t002624	pi	pi	60	18	15	3
t002625	pi	pi	41	9	7	2
t002626	pi	pi	37	3	3	-1
t002627	pi	pi	62	10	14	-1
t002628	pi	pi	26	7	6	0
t002629	pi	pi	33	7	8	2
t002630	pi	pi	28	3	0	0
t002631	pi	pi	29	4	6	1
t002632	pi	pi	20	3	3	1
t002633	pi	pi	22	1	1	-1
t002634	pi	pi	18	1	1	1
t002635	pi	pi	32	19	1	2
t002636	pi	pi	46	11	5	7
t002637	pi	pi	6	0	2	0
t002638	pi	pi	26	8	3	1
t002639	pi	pi	25	7	2	6
t002640	pi	pi	50	9	7	7
t002641	pi	pi	27	9	2	2
t002642	pi	pi	48	14	12	11
t002643	pi	pi	39	4	6	4
t002644	pi	pi	30	4	0	7
t002645	pi	pi	24	7	2	0
t002646	pi	pi	4	7	6	3
t002647	pi	pi	8	10	12	4
t002648	pi	pi	2	9	8	0
t002649	pi	pi	5	1	23	1
t002650	pi	pi	17	14	12	6
t002651	pi	pi	11	14	29	6
t002652	pi	pi	20	5	14	0
t002653	pi	pi	8	14	3	3
t002654	pi	pi	18	22	7	4
t002655	pi	pi	13	19	3	1
t002656	pi	pi	22	15	8	13
t002657	pi	pi	16	8	8	8
t002658	pi	pi	14	7	0	0
t002659	pi	pi	19	4	5	2
t002660	pi	pi	24	7	2	0
t002661	pi	pi	8	4	0	1
t002662	pi	pi	17	4	1	0
t002663	pi	pi	13	6	5	0
t002664	pi	pi	21	4	7	5
t002665	pi	pi	22	9	4	4
t002666	pi	pi	26	13	6	8
t002667	pi	pi	4	3	3	1
t002668	pi	pi	11	8	2	2
t002669	pi	pi	10	2	1	0
t002670	pr	pr	19	23	11	4
t002671	pr	pr	39	1	20	5
t002672	pr	pr	53	10	11	2
t002673	pr	pr	81	25	15	8
t002674	pr	pr	76	7	32	13
t002675	pr	pr	25	29	5	11
t002676	pr	pr	67	6	15	7
t002677	pr	pr	64	18	14	11
t002678	pr	pr	9	0	1	4
t002679	pr	pr	58	13	3	2
t002680	pr	pr	57	1	10	4
t002681	pr	pr	46	12	10	2
t002682	pr	pr	21	21	3	1
t002683	pr	pr	39	39	6	5
t002684	pr	pr	54	41	10	5
t002685	pr	pr	11	8	6	3
t002686	pr	pr	20	17	5	2
t002687	pr	pr	23	11	9	1
t002688	pr	pr	20	7	6	0
t002689	pr	pr	38	10	4	1
t002690	pr	pr	25	5	3	-4
t002691	pr	pr	36	8	2	2
t002692	pr	pr	39	18	8	-3
t002693	pr	pr	17	8	2	3
t002694	pr	pr	56	20	12	4
t002695	pr	pr	7	9	2	3
t002696	pr	pr	16	19	1	0
t002697	pr	pr	18	18	5	10
t002698	pr	pr	26	11	3	2
t002699	pr	pr	17	11	3	6
t002700	pr	pr	27	17	10	11
t002701	pr	pr	19	26	3	5
t002702	pr	pr	26	11	2	1
t002703	pr	pr	31	1	1	-1
t002704	pr	pr	23	7	4	1
t002705	pr	pr	56	7	4	0
t002706	pr	pr	36	5	3	1
t002707	pr	pr	48	6	8	5
t002708	pr	pr	50	7	5	4
t002709	pr	pr	26	0	5	1
t002710	pr	pr	7	2	8	2
t002711	pr	pr	9	1	3	-1
t002712	pr	pr	11	-1	6	1
t002713	pr	pr	19	-2	5	-1
t002714	pr	pr	56	2	15	3
t002715	pr	pr	31	-1	8	1
t002716	pr	pr	28	8	3	2
t002717	pr	pr	44	3	8	4
t002718	pr	pr	26	3	3	4
t002719	pr	pr	29	1	2	4
t002720	pr	pr	29	4	0	2
t002721	pr	pr	40	6	3	4
t002722	pr	pr	33	2	12	5
t002723	pr	pr	30	3	2	1
t002724	pr	pr	24	3	1	1
t002725	pr	pr	32	4	5	0
t002726	pr	pr	27	5	5	4
t002727	pr	pr	65	4	13	0
t002728	pr	pr	35	4	0	0
t002729	pr	pr	39	0	2	3
t002730	pr	pr	18	-1	1	0
t002731	pr	pr	97	10	16	4
t002732	pr	pr	81	1	14	2
t002733	pr	pr	39	-2	7	2
t002734	pr	pr	49	-2	8	3
t002735	pr	pr	24	-1	1	0
t002736	pr	pr	40	1	6	0
t002737	pr	pr	15	2	3	0
t002738	pr	pr	57	5	19	8
t002739	pr	pr	51	-2	9	1
t002740	pr	pr	35	8	5	0
t002741	pr	pr	45	-2	4	-1
t002742	pr	pr	98	2	20	-2
t002743	pr	pr	55	3	4	1
t002744	pr	pr	61	5	7	0
t002745	pr	pr	16	5	1	1
t002746	pr	pr	17	3	3	-2
t002747	pr	pr	36	16	1	1
t002748	pr	pr	47	5	4	-1
t002749	pr	pr	37	2	13	-1
t002750	pr	pr	53	6	14	3
t002751	pr	pr	57	5	12	0
t002752	pr	pr	30	4	4	2
t002753	pr	pr	27	9	2	1
t002754	pr	pr	42	4	5	1
t002755	pr	pr	26	5	1	-1
t002756	pr	pr	23	3	1	1
t002757	pr	pr	20	2	0	0
t002758	pr	pr	24	3	2	2
t002759	pr	pr	48	4	7	0
t002760	pr	pr	59	8	11	8
t002761	pr	pr	27	1	8	1
t002762	pr	pr	20	1	2	0
t002763	pr	pr	23	3	10	2
t002764	pr	pr	38	3	11	0
t002765	pr	pr	34	7	4	0
t002766	pr	pr	39	3	4	1
t002767	pr	pr	26	0	5	1
t002768	pr	pr	59	10	6	2
t002769	pr	pr	103	12	11	-2
t002770	pr	pr	57	17	11	8
t002771	pr	pr	44	7	7	5
t002772	pr	pr	53	13	6	5
t002773	pr	pr	28	1	2	0
t002774	pr	pr	42	4	2	5
t002775	pr	pr	45	6	9	2
t002776	pr	pr	24	5	4	3
t002777	pr	pr	47	7	3	6
t002778	pr	pr	45	8	8	12
t002779	pr	pr	54	6	5	2
t002780	pr	pr	30	4	2	0
t002781	pr	pr	28	4	1	3
t002782	pr	pr	28	6	2	9
t002783	pr	pr	21	0	1	3
t002784	pr	pr	26	12	0	1
t002785	pr	pr	50	8	2	7
t002786	pr	pr	60	11	4	14
t002787	pr	pr	53	-1	7	0
t002788	pr	pr	98	16	12	3
t002789	pr	pr	13	22	2	0
t002790	pr	pr	22	16	3	-1
t002791	pr	pr	61	10	20	1
t002792	pr	pr	51	21	5	-2
t002793	pr	pr	46	13	3	7
t002794	pr	pr	11	2	-1	-1
t002795	pr	pr	28	5	1	2
t002796	pr	pr	48	6	1	2
t002797	pr	pr	40	6	-1	2
t002798	pr	pr	27	3	2	-2
t002799	pr	pr	21	6	-1	0
t002800	pr	pr	19	2	-1	-1
t002801	pr	pr	37	9	-1	0
t002802	pr	pr	48	10	3	-6
t002803	pr	pr	13	3	-1	0
t002804	pr	pr	45	10	1	4
t002805	pr	pr	47	7	2	4
t002806	pr	pr	43	4	2	0
t002807	pr	pr	13	2	1	-4
t002808	pr	pr	18	5	-1	2
t002809	pr	pr	35	8	2	4
t002810	pr	pr	44	10	0	6
t002811	pr	pr	39	10	1	2
t002812	pr	pr	27	4	4	-3
t002813	pr	pr	20	19	4	2
t002814	pr	pr	23	26	4	3
t002815	pr	pr	24	22	4	4
t002816	pr	pr	12	7	3	3
t002817	pr	pr	3	11	2	1
t002818	pr	pr	39	16	5	5
t002819	pr	pr	28	28	2	2
t002820	pr	pr	29	30	4	0
t002821	pr	pr	29	10	2	0
t002822	pr	pr	37	18	8	-1
t002823	pr	pr	19	24	19	2
t002824	pr	pr	10	7	10	6
t002825	pr	pr	12	5	20	2
t002826	pr	pr	7	4	12	0
t002827	pr	pr	7	4	12	0
t002828	pr	pr	4	2	9	2
t002829	pr	pr	20	1	37	1
t002830	pr	pr	18	4	18	-1
t002831	pr	pr	1	14	3	2
t002832	pr	pr	19	16	5	3
t002833	pr	pr	9	17	8	1
t002834	pr	pr	12	17	7	1
t002835	pr	pr	29	14	3	3
t002836	pr	pr	7	10	4	3
t002837	pr	pr	19	10	1	5
t002838	pr	pr	14	13	3	11
t002839	pr	pr	10	14	5	7
t002840	pr	pr	20	14	13	1
t002841	pr	pr	32	13	10	0
t002842	pr	pr	18	1	4	1
t002843	pr	pr	11	17	4	-1
t002844	pr	pr	29	7	2	1
t002845	pr	pr	31	3	4	0
t002846	pr	pr	18	0	0	0
t002847	pr	pr	20	2	3	1
t002848	rj	rj	31	3	8	3
t002849	rj	rj	34	3	9	0
t002850	rj	rj	20	5	2	2
t002851	rj	rj	13	1	4	1
t002852	rj	rj	26	3	2	2
t002853	rj	rj	28	3	5	6
t002854	rj	rj	21	2	4	5
t002855	rj	rj	40	13	12	10
t002856	rj	rj	37	2	2	3
t002857	rj	rj	24	14	0	9
t002858	rj	rj	21	5	5	10
t002859	rj	rj	15	5	5	5
t002860	rj	rj	7	5	1	3
t002861	rj	rj	11	10	5	4
t002862	rj	rj	21	10	19	5
t002863	rj	rj	15	11	6	3
t002864	rj	rj	25	8	14	4
t002865	rj	rj	15	3	1	0
t002866	rj	rj	26	4	11	0
t002867	rj	rj	24	5	8	4
t002868	rj	rj	25	3	5	6
t002869	rj	rj	11	0	4	2
t002870	rj	rj	21	1	10	5
t002871	rj	rj	22	6	2	2
t002872	rj	rj	20	0	2	2
t002873	rj	rj	23	0	3	2
t002874	rj	rj	44	4	9	0
t002875	rj	rj	27	10	8	2
t002876	rj	rj	27	2	3	-1
t002877	rj	rj	25	-1	2	-1
t002878	rj	rj	22	1	4	-3
t002879	rj	rj	3	24	3	2
t002880	rj	rj	9	11	1	3
t002881	rj	rj	4	13	3	4
t002882	rj	rj	22	17	3	3
t002883	rj	rj	11	6	1	4
t002884	rj	rj	10	5	1	2
t002885	rj	rj	26	5	3	-1
t002886	rj	rj	19	4	2	2
t002887	rj	rj	20	11	2	0
t002888	rj	rj	38	12	6	2
t002889	rj	rj	32	13	7	0
t002890	rj	rj	33	11	5	5
t002891	rj	rj	10	5	1	2
t002892	rj	rj	7	0	8	0
t002893	rj	rj	7	0	19	0
t002894	rj	rj	12	-1	27	1
t002895	rj	rj	2	-1	20	2
t002896	rj	rj	9	1	15	0
t002897	rj	rj	4	1	15	1
t002898	rj	rj	6	-2	19	2
t002899	rj	rj	5	2	24	0
t002900	rj	rj	5	0	26	2
t002901	rj	rj	15	1	30	2
t002902	rj	rj	6	0	18	3
t002903	rj	rj	6	3	8	1
t002904	rj	rj	10	2	13	1
t002905	rj	rj	4	1	12	1
t002906	rj	rj	5	1	15	3
t002907	rj	rj	6	-1	28	0
t002908	rj	rj	6	1	21	0
t002909	rj	rj	2	-1	14	0
t002910	rj	rj	3	0	12	0
t002911	rj	rj	0	0	7	2
t002912	rj	rj	8	9	20	15
t002913	rj	rj	8	4	18	1
t002914	rj	rj	13	4	9	0
t002915	rj	rj	11	3	12	4
t002916	rj	rj	8	4	12	4
t002917	rj	rj	7	7	15	10
t002918	rj	rj	6	11	2	2
t002919	rj	rj	3	9	3	2
t002920	rj	rj	15	21	6	2
t002921	rj	rj	16	19	12	1
t002922	rj	rj	11	17	3	2
t002923	rj	rj	14	15	5	5
t002924	rj	rj	16	14	4	5
t002925	rj	rj	7	6	6	1
t002926	rj	rj	9	11	3	5
t002927	rj	rj	14	15	1	8
t002928	rj	rj	32	6	10	2
t002929	rj	rj	6	6	26	1
t002930	rj	rj	13	11	13	2
t002931	rj	rj	10	0	16	0
t002932	rj	rj	8	9	14	1
t002933	rj	rj	9	5	8	2
t002934	rj	rj	3	11	18	3
t002935	rj	rj	15	3	17	0
t002936	rj	rj	16	2	17	1
t002937	rj	rj	8	2	15	1
t002938	rj	rj	7	1	22	0
t002939	rj	rj	9	1	14	3
t002940	rj	rj	5	0	26	5
t002941	rj	rj	11	2	14	1
t002942	rj	rj	11	10	16	1
t002943	rj	rj	9	12	11	1
t002944	rj	rj	8	3	13	-2
t002945	rj	rj	10	8	17	0
t002946	rn	rn	14	9	2	3
t002947	rn	rn	13	4	7	1
t002948	rn	rn	29	11	7	4
t002949	rn	rn	14	5	3	4
t002950	rn	rn	23	1	5	3
t002951	rn	rn	8	5	2	3
t002952	rn	rn	21	17	7	10
t002953	rn	rn	3	12	2	8
t002954	rn	rn	9	19	2	2
t002955	rn	rn	26	20	6	3
t002956	rn	rn	17	16	6	6
t002957	rn	rn	20	16	8	12
t002958	rn	rn	34	3	4	2
t002959	rn	rn	21	7	6	1
t002960	rn	rn	6	4	9	0
t002961	rn	rn	11	0	1	0
t002962	rn	rn	49	0	12	2
t002963	rn	rn	16	-3	1	0
t002964	rn	rn	6	6	3	0
t002965	rn	rn	24	7	5	1
t002966	rn	rn	19	-1	4	2
t002967	rn	rn	11	1	6	4
t002968	rn	rn	16	4	10	-1
t002969	rn	rn	10	1	10	-1
t002970	rn	rn	17	2	10	-1
t002971	rn	rn	5	1	5	-3
t002972	rn	rn	10	0	4	1
t002973	rn	rn	34	3	8	3
t002974	rn	rn	11	1	6	2
t002975	rn	rn	13	1	4	1
t002976	rn	rn	13	1	2	3
t002977	rn	rn	9	2	4	1
t002978	rn	rn	8	2	3	0
t002979	rn	rn	18	0	8	3
t002980	rn	rn	4	1	1	1
t002981	rn	rn	6	1	2	0
t002982	rn	rn	30	2	4	6
t002983	rn	rn	12	0	0	1
t002984	rn	rn	11	0	0	1
t002985	rn	rn	34	2	6	-1
t002986	rn	rn	11	0	3	0
t002987	rn	rn	60	1	7	1
t002988	rn	rn	24	4	5	11
t002989	rn	rn	8	0	1	0
t002990	rn	rn	16	0	2	0
t002991	rn	rn	17	2	1	4
t002992	rn	rn	11	0	1	1
t002993	rn	rn	23	0	2	6
t002994	rn	rn	34	5	4	5
t002995	rn	rn	11	1	0	0
t002996	rn	rn	27	3	5	11
t002997	rn	rn	9	0	1	3
t002998	rn	rn	47	3	9	15
t002999	rn	rn	7	0	1	1
t003000	rn	rn	6	0	4	-1
t003001	rn	rn	8	-1	6	1
t003002	rn	rn	5	7	1	4
t003003	rn	rn	36	10	5	5
t003004	rn	rn	4	2	1	4
t003005	rn	rn	1	-1	4	3
t003006	rn	rn	6	2	1	2
t003007	rn	rn	21	27	5	3
t003008	rn	rn	6	10	0	5
t003009	rn	rn	28	14	4	3
t003010	rn	rn	11	2	1	4
t003011	rn	rn	16	10	3	12
t003012	rn	rn	30	21	5	7
t003013	rn	rn	40	14	8	2
t003014	rn	rn	27	12	1	1
t003015	rn	rn	25	10	3	1
t003016	rn	rn	14	5	1	2
t003017	rn	rn	37	30	4	6
t003018	rn	rn	22	28	4	3
t003019	rn	rn	5	6	2	8
t003020	rn	rn	9	10	0	5
t003021	rn	rn	9	10	3	10
t003022	rn	rn	12	21	4	10
t003023	rn	rn	27	10	10	16
t003024	rn	rn	11	5	2	2
t003025	rn	rn	32	15	6	6
t003026	rn	rn	6	9	1	2
t003027	rn	rn	18	-1	-1	3
t003028	rn	rn	40	17	5	6
t003029	rn	rn	11	0	0	1
t003030	rn	rn	32	1	2	4
t003031	rn	rn	45	7	9	0
t003032	rn	rn	27	2	2	5
t003033	rn	rn	24	-2	5	5
t003034	rn	rn	12	2	7	0
t003035	rn	rn	22	0	3	3
t003036	rn	rn	25	16	2	5
t003037	rn	rn	14	1	1	-2
t003038	rn	rn	27	3	0	8
t003039	rn	rn	73	12	4	14
t003040	rn	rn	34	2	2	-1
t003041	rn	rn	28	1	3	3
t003042	rn	rn	7	2	0	1
t003043	rn	rn	24	2	2	-4
t003044	rn	rn	10	0	2	-1
t003045	rn	rn	16	2	1	2
t003046	rn	rn	29	1	1	-1
t003047	rn	rn	22	3	2	1
t003048	rn	rn	35	3	7	10
t003049	rn	rn	40	4	3	3
t003050	rn	rn	8	17	3	1
t003051	rn	rn	20	10	3	3
t003052	rn	rn	5	4	0	0
t003053	rn	rn	22	12	5	1
t003054	rn	rn	10	16	5	4
t003055	rn	rn	17	13	14	5
t003056	rn	rn	16	16	16	6
t003057	rn	rn	14	16	17	-1
t003058	rn	rn	12	16	7	2
t003059	rn	rn	21	4	19	6
t003060	rn	rn	13	3	20	2
t003061	rn	rn	7	1	14	0
t003062	rn	rn	13	1	14	1
t003063	rn	rn	10	-1	4	2
t003064	rn	rn	18	3	27	2
t003065	rn	rn	9	1	19	1
t003066	rn	rn	8	0	11	0
t003067	rn	rn	18	9	8	4
t003068	rn	rn	4	6	10	9
t003069	rn	rn	6	6	7	4
t003070	rn	rn	17	14	12	2
t003071	rn	rn	11	3	9	1
t003072	rn	rn	17	3	11	1
t003073	rn	rn	4	3	14	1
t003074	rn	rn	2	2	8	1
t003075	rn	rn	6	1	16	1
t003076	rn	rn	3	1	13	1
t003077	rn	rn	3	0	19	0
t003078	rn	rn	4	0	10	1
t003079	rn	rn	9	0	19	0
t003080	rn	rn	9	0	21	1
t003081	rn	rn	29	8	30	1
t003082	rn	rn	7	4	20	1
t003083	rn	rn	0	1	17	0
t003084	rn	rn	5	1	27	1
t003085	rn	rn	-2	-1	28	0
t003086	rn	rn	3	4	7	-1
t003087	rn	rn	11	4	11	-1
t003088	rn	rn	10	0	14	-1
t003089	rn	rn	8	4	18	-1
t003090	rn	rn	7	2	6	0
t003091	rn	rn	5	2	16	0
t003092	rn	rn	1	2	9	-1
t003093	rn	rn	4	20	10	3
t003094	rn	rn	16	22	11	3
t003095	ro	ro	9	9	1	1
t003096	ro	ro	18	19	4	3
t003097	ro	ro	16	13	1	2
t003098	ro	ro	8	12	2	6
t003099	ro	ro	11	9	6	3
t003100	ro	ro	10	9	4	1
t003101	ro	ro	13	7	1	3
t003102	ro	ro	21	6	3	1
t003103	ro	ro	22	1	5	1
t003104	ro	ro	15	2	5	0
t003105	ro	ro	8	4	6	2
t003106	ro	ro	25	4	3	1
t003107	ro	ro	19	5	4	0
t003108	ro	ro	34	4	5	1
t003109	ro	ro	16	2	2	-2
t003110	ro	ro	10	14	6	5
t003111	ro	ro	17	4	7	0
t003112	ro	ro	12	8	5	0
t003113	ro	ro	28	3	2	1
t003114	ro	ro	17	5	5	4
t003115	ro	ro	24	5	5	-4
t003116	ro	ro	12	1	2	0
t003117	ro	ro	11	9	3	1
t003118	ro	ro	6	2	2	3
t003119	ro	ro	16	5	4	0
t003120	ro	ro	18	16	2	2
t003121	ro	ro	8	6	3	0
t003122	ro	ro	13	5	3	-1
t003123	ro	ro	12	10	7	1
t003124	ro	ro	13	12	3	9
t003125	ro	ro	11	26	18	9
t003126	ro	ro	15	7	1	8
t003127	ro	ro	4	20	5	1
t003128	ro	ro	3	11	5	1
t003129	ro	ro	18	21	1	11
t003130	ro	ro	17	10	3	3
t003131	ro	ro	18	17	5	2
t003132	ro	ro	17	2	2	5
t003133	ro	ro	7	8	2	1
t003134	ro	ro	11	6	3	1
t003135	ro	ro	25	10	11	1
t003136	ro	ro	6	5	4	1
t003137	ro	ro	11	11	4	4
t003138	ro	ro	10	8	4	2
t003139	ro	ro	17	6	3	2
t003140	ro	ro	23	14	5	0
t003141	ro	ro	4	1	1	2
t003142	ro	ro	12	2	0	3
t003143	ro	ro	10	5	3	0
t003144	ro	ro	13	0	0	1
t003145	ro	ro	59	3	12	11
t003146	ro	ro	21	-5	6	1
t003147	ro	ro	34	-7	6	2
t003148	ro	ro	26	-5	3	0
t003149	ro	ro	17	-3	2	-1
t003150	ro	ro	24	-1	6	2
t003151	ro	ro	14	-2	6	-1
t003152	ro	ro	13	-1	2	0
t003153	ro	ro	46	2	9	0
t003154	ro	ro	49	7	5	3
t003155	ro	ro	16	1	0	1
t003156	ro	ro	49	3	4	3
t003157	ro	ro	23	1	4	1
t003158	ro	ro	51	6	15	2
t003159	ro	ro	7	1	1	0
t003160	ro	ro	5	0	1	0
t003161	ro	ro	9	0	2	2
t003162	ro	ro	6	0	3	0
t003163	ro	ro	30	3	9	2
t003164	ro	ro	22	3	4	2
t003165	ro	ro	15	2	2	3
t003166	ro	ro	13	1	3	1
t003167	ro	ro	10	6	3	0
t003168	ro	ro	12	1	7	1
t003169	ro	ro	18	3	5	2
t003170	ro	ro	24	2	7	0
t003171	ro	ro	9	2	1	3
t003172	ro	ro	17	1	11	5
t003173	ro	ro	8	0	2	1
t003174	ro	ro	2	1	3	0
t003175	ro	ro	19	0	2	-1
t003176	ro	ro	20	1	6	-2
t003177	ro	ro	11	0	3	0
t003178	ro	ro	11	2	4	-2
t003179	ro	ro	20	0	0	-3
t003180	ro	ro	27	2	5	0
t003181	ro	ro	12	0	3	0
t003182	ro	ro	40	5	20	2
t003183	ro	ro	9	1	4	0
t003184	ro	ro	8	0	3	2
t003185	ro	ro	29	3	11	4
t003186	ro	ro	10	0	1	1
t003187	ro	ro	18	0	1	4
t003188	ro	ro	33	2	7	4
t003189	ro	ro	10	1	1	3
t003190	ro	ro	29	3	9	7
t003191	ro	ro	23	2	9	7
t003192	ro	ro	23	4	2	7
t003193	ro	ro	55	1	11	6
t003194	ro	ro	7	0	1	1
t003195	ro	ro	18	1	4	3
t003196	ro	ro	26	1	3	2
t003197	ro	ro	29	10	4	11
t003198	ro	ro	4	2	1	4
t003199	ro	ro	27	19	5	6
t003200	ro	ro	30	10	9	2
t003201	ro	ro	22	9	5	5
t003202	ro	ro	24	9	6	0
t003203	ro	ro	7	10	3	1
t003204	ro	ro	18	19	6	1
t003205	ro	ro	9	12	0	1
t003206	ro	ro	35	30	3	4
t003207	ro	ro	31	27	6	5
t003208	ro	ro	52	23	7	4
t003209	ro	ro	18	24	5	4
t003210	ro	ro	23	5	5	2
t003211	ro	ro	37	15	8	4
t003212	ro	ro	36	10	15	3
t003213	ro	ro	26	7	4	3
t003214	ro	ro	75	17	23	4
t003215	ro	ro	60	5	6	7
t003216	ro	ro	49	8	8	1
t003217	ro	ro	42	11	7	7
t003218	ro	ro	46	11	8	1
t003219	ro	ro	59	6	10	4
t003220	ro	ro	28	0	4	-2
t003221	ro	ro	17	22	5	-1
t003222	ro	ro	12	15	4	0
t003223	ro	ro	3	12	3	0
t003224	ro	ro	7	13	1	0
t003225	ro	ro	5	13	3	2
t003226	ro	ro	29	1	0	-1
t003227	ro	ro	39	10	3	2
t003228	ro	ro	24	3	1	0
t003229	ro	ro	48	13	3	2
t003230	ro	ro	40	6	3	3
t003231	ro	ro	24	1	7	2
t003232	ro	ro	33	2	4	2
t003233	ro	ro	15	3	2	3
t003234	ro	ro	23	5	4	2
t003235	ro	ro	60	3	4	-1
t003236	ro	ro	23	1	0	-2
t003237	ro	ro	45	2	5	5
t003238	ro	ro	19	2	1	-1
t003239	ro	ro	13	0	2	-1
t003240	ro	ro	16	0	6	1
t003241	ro	ro	5	0	3	1
t003242	ro	ro	7	1	1	1
t003243	ro	ro	41	11	10	1
t003244	ro	ro	15	1	1	0
t003245	ro	ro	60	5	12	-4
t003246	ro	ro	41	1	18	2
t003247	ro	ro	53	11	17	9
t003248	ro	ro	45	5	8	7
t003249	ro	ro	27	3	6	0
t003250	ro	ro	37	5	0	4
t003251	ro	ro	53	16	21	14
t003252	ro	ro	33	10	5	9
t003253	ro	ro	39	3	12	5
t003254	ro	ro	39	4	3	5
t003255	ro	ro	47	5	7	5
t003256	ro	ro	42	5	2	5
t003257	ro	ro	31	3	7	5
t003258	ro	ro	65	12	10	4
t003259	ro	ro	43	3	5	0
t003260	ro	ro	11	1	3	1
t003261	ro	ro	49	10	5	1
t003262	ro	ro	32	6	3	-1
t003263	ro	ro	52	3	8	-1
t003264	ro	ro	32	3	4	1
t003265	ro	ro	24	4	6	3
t003266	ro	ro	16	2	2	2
t003267	ro	ro	6	12	1	0
t003268	ro	ro	16	12	1	0
t003269	ro	ro	12	10	3	-1
t003270	ro	ro	20	21	4	0
t003271	ro	ro	5	10	1	0
t003272	ro	ro	6	15	1	0
t003273	ro	ro	34	8	5	-2
t003274	ro	ro	43	10	3	3
t003275	ro	ro	25	5	0	-1
t003276	ro	ro	14	3	0	1
t003277	ro	ro	41	12	6	0
t003278	ro	ro	27	3	2	0
t003279	ro	ro	43	7	2	0
t003280	ro	ro	39	17	3	2
t003281	ro	ro	26	4	3	0
t003282	ro	ro	32	4	3	0
t003283	ro	ro	38	8	4	2
t003284	ro	ro	53	16	3	1
t003285	ro	ro	23	2	2	-2
t003286	ro	ro	30	5	2	0
t003287	ro	ro	14	10	0	1
t003288	ro	ro	40	7	5	8
t003289	ro	ro	28	7	3	-1
t003290	ro	ro	37	6	0	1
t003291	ro	ro	16	9	1	3
t003292	ro	ro	32	2	0	0
t003293	ro	ro	15	13	0	2
t003294	ro	ro	31	30	3	5
t003295	ro	ro	29	41	9	2
t003296	ro	ro	5	5	0	1
t003297	ro	ro	30	13	2	1
t003298	ro	ro	28	7	5	1
t003299	ro	ro	47	8	3	-1
t003300	ro	ro	38	3	8	-3
t003301	ro	ro	5	0	-1	-1
t003302	ro	ro	12	1	2	0
t003303	ro	ro	17	3	4	-1
t003304	ro	ro	31	6	15	3
t003305	ro	ro	30	4	5	0
t003306	ro	ro	43	12	9	1
t003307	ro	ro	19	7	2	8
t003308	ro	ro	36	12	4	1
t003309	ro	ro	36	23	4	-1
t003310	ro	ro	17	2	2	-1
t003311	ro	ro	29	26	7	1
t003312	ro	ro	16	29	4	3
t003313	ro	ro	15	19	5	12
t003314	ro	ro	14	16	2	8
t003315	ro	ro	10	16	3	10
t003316	ro	ro	20	33	5	6
t003317	ro	ro	52	10	7	-2
t003318	ro	ro	21	4	2	0
t003319	ro	ro	29	12	1	1
t003320	ro	ro	18	13	3	0
t003321	ro	ro	10	10	1	1
t003322	ro	ro	17	18	4	3
t003323	ro	ro	10	6	5	1
t003324	ro	ro	11	8	1	11
t003325	ro	ro	13	13	14	6
t003326	ro	ro	5	5	11	3
t003327	ro	ro	21	2	7	2
t003328	ro	ro	11	5	7	-1
t003329	ro	ro	10	3	18	1
t003330	ro	ro	10	6	9	0
t003331	ro	ro	7	4	15	1
t003332	ro	ro	7	2	7	0
t003333	ro	ro	6	8	10	0
t003334	ro	ro	19	2	12	4
t003335	ro	ro	2	7	5	2
t003336	ro	ro	6	4	5	0
t003337	ro	ro	3	8	6	8
t003338	ro	ro	12	15	7	5
t003339	ro	ro	8	11	5	6
t003340	ro	ro	5	3	14	0
t003341	ro	ro	4	2	8	1
t003342	ro	ro	1	0	18	1
t003343	ro	ro	-2	0	18	0
t003344	ro	ro	1	-2	31	2
t003345	ro	ro	2	-2	31	2
t003346	ro	ro	2	-2	31	2
t003347	ro	ro	5	1	25	4
t003348	ro	ro	13	-1	23	1
t003349	ro	ro	5	1	16	1
t003350	ro	ro	2	-1	20	0
t003351	ro	ro	4	0	23	3
t003352	ro	ro	12	-2	20	0
t003353	ro	ro	3	-2	20	0
t003354	ro	ro	3	-5	22	1
t003355	ro	ro	2	2	22	0
t003356	ro	ro	0	-1	14	0
t003357	ro	ro	7	1	11	0
t003358	ro	ro	4	-1	6	0
t003359	ro	ro	9	-1	34	1
t003360	ro	ro	5	1	5	1
t003361	ro	ro	12	3	21	3
t003362	ro	ro	1	2	8	-1
t003363	ro	ro	13	1	12	0
t003364	ro	ro	3	2	10	0
t003365	ro	ro	6	4	9	-1
t003366	ro	ro	10	1	16	-1
t003367	ro	ro	7	2	12	0
t003368	ro	ro	9	3	8	1
t003369	ro	ro	6	4	6	0
t003370	ro	ro	29	10	11	1
t003371	ro	ro	6	5	9	1
t003372	ro	ro	11	7	12	2
t003373	ro	ro	3	-1	15	0
t003374	rr	rr	23	2	5	1
t003375	rr	rr	18	1	4	1
t003376	rr	rr	13	0	0	1
t003377	rr	rr	9	-1	4	1
t003378	rr	rr	11	1	5	4
t003379	rr	rr	15	1	1	-2
t003380	rr	rr	10	6	7	-1
t003381	rr	rr	22	5	5	1
t003382	rr	rr	18	0	2	3
t003383	rr	rr	27	0	5	2
t003384	rr	rr	9	1	0	0
t003385	rr	rr	12	0	11	5
t003386	rr	rr	7	1	2	2
t003387	rr	rr	9	4	2	2
t003388	rr	rr	19	0	2	3
t003389	rr	rr	4	1	1	1
t003390	rr	rr	12	0	2	1
t003391	rr	rr	7	0	0	0
t003392	rr	rr	30	9	4	4
t003393	rr	rr	18	1	4	1
t003394	rr	rr	13	0	0	1
t003395	rr	rr	12	0	0	1
t003396	rr	rr	21	5	2	0
t003397	rr	rr	38	6	7	6
t003398	rr	rr	18	1	4	1
t003399	rr	rr	13	0	0	1
t003400	rr	rr	12	0	0	1
t003401	rr	rr	9	5	0	2
t003402	rr	rr	21	2	1	0
t003403	rr	rr	49	3	4	-2
t003404	rr	rr	20	1	1	-4
t003405	rr	rr	21	11	4	4
t003406	rr	rr	18	1	4	1
t003407	rr	rr	38	7	6	1
t003408	rr	rr	4	1	0	1
t003409	rr	rr	36	2	5	1
t003410	rr	rr	9	3	1	0
t003411	rr	rr	49	7	7	7
t003412	rr	rr	9	0	0	4
t003413	rr	rr	23	3	8	5
t003414	rr	rr	25	6	4	-2
t003415	rr	rr	62	4	10	10
t003416	rr	rr	31	3	4	6
t003417	rr	rr	5	-1	0	0
t003418	rr	rr	19	6	0	5
t003419	rr	rr	4	2	1	4
t003420	rr	rr	29	6	5	9
t003421	rr	rr	17	2	12	3
t003422	rr	rr	6	2	3	1
t003423	rr	rr	11	20	4	3
t003424	rr	rr	9	10	4	1
t003425	rr	rr	16	15	6	2
t003426	rr	rr	17	19	6	0
t003427	rr	rr	20	23	7	8
t003428	rr	rr	6	10	4	3
t003429	rr	rr	27	11	8	9
t003430	rr	rr	20	2	7	4
t003431	rr	rr	14	2	3	7
t003432	rr	rr	16	6	5	1
t003433	rr	rr	20	25	4	8
t003434	rr	rr	44	13	13	8
t003435	rr	rr	40	12	6	8
t003436	rr	rr	32	31	10	5
t003437	rr	rr	29	25	8	14
t003438	rr	rr	25	21	5	0
t003439	rr	rr	48	11	10	5
t003440	rr	rr	5	7	1	2
t003441	rr	rr	7	10	1	0
t003442	rr	rr	4	5	1	2
t003443	rr	rr	32	36	8	1
t003444	rr	rr	25	34	10	9
t003445	rr	rr	19	10	0	3
t003446	rr	rr	24	22	3	2
t003447	rr	rr	16	11	5	11
t003448	rr	rr	9	5	5	1
t003449	rr	rr	30	4	10	0
t003450	rr	rr	28	7	3	2
t003451	rr	rr	17	16	1	0
t003452	rr	rr	8	2	2	0
t003453	rr	rr	21	7	8	7
t003454	rr	rr	7	15	4	3
t003455	rr	rr	3	6	3	14
t003456	rr	rr	10	5	3	12
t003457	rr	rr	8	1	2	5
t003458	rr	rr	8	5	1	1
t003459	rr	rr	18	17	3	1
t003460	rr	rr	8	17	3	1
t003461	rr	rr	8	14	3	2
t003462	rr	rr	7	5	0	0
t003463	rr	rr	14	3	-1	-1
t003464	rr	rr	24	6	5	0
t003465	rr	rr	35	10	4	4
t003466	rr	rr	25	-1	2	4
t003467	rr	rr	11	-1	0	2
t003468	rr	rr	9	1	1	1
t003469	rr	rr	28	3	0	3
t003470	rr	rr	20	0	3	1
t003471	rr	rr	13	1	0	1
t003472	rr	rr	6	0	1	0
t003473	rr	rr	12	4	9	14
t003474	rr	rr	35	3	3	1
t003475	rr	rr	35	3	3	1
t003476	rr	rr	67	9	12	-3
t003477	rr	rr	19	2	3	3
t003478	rr	rr	17	8	3	5
t003479	rr	rr	34	5	2	2
t003480	rr	rr	14	1	0	7
t003481	rr	rr	10	17	4	1
t003482	rr	rr	16	23	4	1
t003483	rr	rr	13	20	5	0
t003484	rr	rr	5	6	0	0
t003485	rr	rr	22	12	4	-2
t003486	rr	rr	8	3	1	0
t003487	rr	rr	7	10	0	0
t003488	rr	rr	32	19	10	-4
t003489	rr	rr	24	26	13	-1
t003490	rr	rr	16	18	2	1
t003491	rr	rr	8	14	4	0
t003492	rr	rr	17	7	1	2
t003493	rr	rr	18	21	7	13
t003494	rr	rr	39	30	6	5
t003495	rr	rr	22	23	6	0
t003496	rr	rr	50	40	7	-1
t003497	rr	rr	14	29	7	0
t003498	rr	rr	18	20	3	4
t003499	rr	rr	8	16	3	2
t003500	rr	rr	14	17	4	0
t003501	rr	rr	28	39	9	6
t003502	rr	rr	20	22	4	3
t003503	rr	rr	11	13	2	7
t003504	rr	rr	38	33	9	0
t003505	rr	rr	11	16	2	6
t003506	rr	rr	40	16	7	1
t003507	rr	rr	4	8	5	8
t003508	rr	rr	3	12	4	7
t003509	rr	rr	5	3	4	0
t003510	rr	rr	5	3	15	1
t003511	rr	rr	12	2	16	2
t003512	rr	rr	4	2	13	1
t003513	rr	rr	7	1	9	1
t003514	rr	rr	1	0	14	1
t003515	rr	rr	1	1	16	3
t003516	rr	rr	8	-1	11	0
t003517	rr	rr	1	-2	16	0
t003518	rr	rr	7	2	19	1
t003519	rr	rr	2	0	5	0
t003520	rr	rr	10	4	8	1
t003521	rr	rr	5	0	11	1
t003522	rr	rr	9	2	8	0
t003523	rr	rr	6	6	19	1
t003524	rr	rr	8	6	22	0
t003525	rr	rr	7	3	9	1
t003526	rr	rr	17	12	10	1
t003527	rr	rr	8	3	15	9
t003528	rr	rr	8	1	5	3
t003529	rr	rr	12	8	16	9
t003530	rr	rr	10	3	9	1
t003531	rr	rr	7	2	24	-1
t003532	rr	rr	4	2	5	3
t003533	rr	rr	12	13	3	1
t003534	rr	rr	7	19	4	0
t003535	rr	rr	24	6	7	1
t003536	rr	rr	18	11	6	-2
t003537	rr	rr	37	15	4	18
t003538	rs	rs	12	8	0	0
t003539	rs	rs	17	8	0	1
t003540	rs	rs	15	-1	2	4
t003541	rs	rs	19	0	1	1
t003542	rs	rs	28	0	7	0
t003543	rs	rs	7	3	1	3
t003544	rs	rs	35	14	2	6
t003545	rs	rs	29	3	9	8
t003546	rs	rs	16	1	3	0
t003547	rs	rs	15	10	3	8
t003548	rs	rs	47	2	6	-4
t003549	rs	rs	38	2	3	1
t003550	rs	rs	32	23	7	4
t003551	rs	rs	19	11	2	6
t003552	rs	rs	41	16	9	4
t003553	rs	rs	10	25	2	7
t003554	rs	rs	12	11	2	3
t003555	rs	rs	53	28	14	11
t003556	rs	rs	32	18	11	6
t003557	rs	rs	16	24	2	3
t003558	rs	rs	9	16	1	5
t003559	rs	rs	11	13	2	1
t003560	rs	rs	2	6	0	0
t003561	rs	rs	14	11	5	5
t003562	rs	rs	12	11	1	5
t003563	rs	rs	5	14	3	8
t003564	rs	rs	7	18	3	4
t003565	rs	rs	0	8	3	4
t003566	rs	rs	18	27	9	2
t003567	rs	rs	25	8	3	4
t003568	rs	rs	42	18	5	7
t003569	rs	rs	10	12	2	1
t003570	rs	rs	18	6	1	2
t003571	rs	rs	12	9	3	1
t003572	rs	rs	11	5	0	1
t003573	rs	rs	15	3	3	1
t003574	rs	rs	14	9	2	2
t003575	rs	rs	19	-1	5	14
t003576	rs	rs	14	9	3	9
t003577	rs	rs	16	9	3	2
t003578	rs	rs	14	5	6	0
t003579	rs	rs	22	3	5	0
t003580	rs	rs	4	9	4	2
t003581	rs	rs	18	10	8	5
t003582	rs	rs	5	7	4	1
t003583	rs	rs	5	8	3	4
t003584	rs	rs	12	14	6	7
t003585	rs	rs	5	4	5	2
t003586	rs	rs	6	3	4	2
t003587	rs	rs	15	10	3	2
t003588	rs	rs	25	13	6	2
t003589	rs	rs	22	11	4	-1
t003590	rs	rs	14	10	5	0
t003591	rs	rs	20	4	1	2
t003592	rs	rs	15	12	0	3
t003593	rs	rs	25	7	4	0
t003594	rs	rs	12	1	2	1
t003595	rs	rs	23	-1	4	0
t003596	rs	rs	21	0	3	-1
t003597	rs	rs	37	0	6	2
t003598	rs	rs	11	0	1	1
t003599	rs	rs	21	15	1	6
t003600	rs	rs	62	27	14	5
t003601	rs	rs	50	5	6	8
t003602	rs	rs	26	5	4	6
t003603	rs	rs	26	0	2	0
t003604	rs	rs	29	1	2	1
t003605	rs	rs	16	2	2	2
t003606	rs	rs	24	4	5	2
t003607	rs	rs	24	3	0	2
t003608	rs	rs	34	7	-1	4
t003609	rs	rs	65	7	10	5
t003610	rs	rs	45	11	1	2
t003611	rs	rs	23	1	0	1
t003612	rs	rs	23	7	2	8
t003613	rs	rs	14	0	0	8
t003614	rs	rs	32	5	2	5
t003615	rs	rs	11	9	0	5
t003616	rs	rs	17	1	1	0
t003617	rs	rs	16	-3	2	3
t003618	rs	rs	8	1	-1	0
t003619	rs	rs	35	11	5	3
t003620	rs	rs	19	3	5	-1
t003621	rs	rs	10	2	0	0
t003622	rs	rs	49	7	7	2
t003623	rs	rs	15	13	3	1
t003624	rs	rs	32	20	6	3
t003625	rs	rs	11	15	3	4
t003626	rs	rs	20	29	6	1
t003627	rs	rs	31	31	6	4
t003628	rs	rs	23	2	3	-1
t003629	rs	rs	11	13	4	1
t003630	rs	rs	11	14	4	1
t003631	rs	rs	17	6	3	-1
t003632	rs	rs	9	25	7	3
t003633	rs	rs	34	36	10	2
t003634	rs	rs	34	36	6	2
t003635	rs	rs	16	30	3	1
t003636	rs	rs	27	23	6	-3
t003637	rs	rs	22	16	4	1
t003638	rs	rs	26	17	1	-1
t003639	rs	rs	8	19	5	0
t003640	rs	rs	20	19	3	2
t003641	rs	rs	12	14	7	5
t003642	rs	rs	3	6	11	5
t003643	rs	rs	15	3	27	1
t003644	rs	rs	6	0	15	1
t003645	rs	rs	10	5	24	1
t003646	rs	rs	6	6	9	4
t003647	rs	rs	8	6	20	-1
t003648	rs	rs	4	1	10	2
t003649	rs	rs	11	6	12	0
t003650	rs	rs	24	7	32	5
t003651	rs	rs	2	1	10	2
t003652	rs	rs	2	2	14	2
t003653	rs	rs	1	0	20	0
t003654	rs	rs	6	-2	16	0
t003655	rs	rs	7	-3	22	2
t003656	rs	rs	3	0	14	0
t003657	rs	rs	7	2	17	3
t003658	rs	rs	2	2	3	0
t003659	rs	rs	3	3	14	3
t003660	rs	rs	10	19	4	4
t003661	rs	rs	13	15	4	7
t003662	rs	rs	2	3	2	9
t003663	rs	rs	15	4	4	1
t003664	rs	rs	9	4	4	1
t003665	rs	rs	17	8	4	2
t003666	rs	rs	17	6	-1	1
t003667	rs	rs	7	0	1	0
t003668	rs	rs	13	4	0	4
t003669	rs	rs	7	6	3	1
t003670	rs	rs	15	5	1	0
t003671	rs	rs	15	5	2	0
t003672	rs	rs	15	8	0	0
t003673	rs	rs	9	8	0	0
t003674	rs	rs	11	12	5	2
t003675	rs	rs	6	18	2	8
t003676	rs	rs	13	9	2	5
t003677	rs	rs	19	9	4	11
t003678	rs	rs	20	5	0	1
t003679	sc	sc	16	19	7	1
t003680	sc	sc	22	10	4	1
t003681	sc	sc	30	24	3	2
t003682	sc	sc	54	16	12	18
t003683	sc	sc	31	12	7	3
t003684	sc	sc	35	6	6	2
t003685	sc	sc	23	13	3	1
t003686	sc	sc	56	31	11	0
t003687	sc	sc	21	19	5	3
t003688	sc	sc	49	20	6	3
t003689	sc	sc	34	2	10	1
t003690	sc	sc	51	15	16	7
t003691	sc	sc	21	7	2	-1
t003692	sc	sc	27	20	8	0
t003693	sc	sc	15	16	3	1
t003694	sc	sc	20	11	5	3
t003695	sc	sc	4	12	4	-1
t003696	sc	sc	14	15	4	1
t003697	sc	sc	40	21	2	2
t003698	sc	sc	18	27	7	0
t003699	sc	sc	24	25	6	0
t003700	sc	sc	18	24	2	0
t003701	sc	sc	52	20	4	6
t003702	sc	sc	44	12	3	3
t003703	sc	sc	49	5	11	-1
t003704	sc	sc	40	7	5	6
t003705	sc	sc	22	7	4	0
t003706	sc	sc	40	2	5	1
t003707	sc	sc	40	1	5	0
t003708	sc	sc	76	11	10	10
t003709	sc	sc	57	14	9	19
t003710	sc	sc	52	8	6	7
t003711	sc	sc	40	5	11	7
t003712	sc	sc	54	1	4	5
t003713	sc	sc	59	2	14	5
t003714	sc	sc	37	5	10	8
t003715	sc	sc	44	9	14	8
t003716	sc	sc	17	7	1	1
t003717	sc	sc	27	10	5	1
t003718	sc	sc	41	7	5	0
t003719	sc	sc	37	3	6	0
t003720	sc	sc	32	6	11	-2
t003721	sc	sc	22	1	0	4
t003722	sc	sc	37	5	5	-5
t003723	sc	sc	40	24	6	-1
t003724	sc	sc	10	8	0	0
t003725	sc	sc	17	6	6	0
t003726	sc	sc	37	11	7	0
t003727	sc	sc	32	10	4	1
t003728	sc	sc	26	14	8	2
t003729	sc	sc	20	4	3	-3
t003730	sc	sc	8	4	0	0
t003731	sc	sc	37	14	5	1
t003732	sc	sc	29	16	1	19
t003733	sc	sc	14	6	7	5
t003734	sc	sc	38	17	6	10
t003735	sc	sc	44	17	2	8
t003736	sc	sc	45	11	3	9
t003737	sc	sc	69	23	10	-2
t003738	sc	sc	75	22	15	4
t003739	sc	sc	56	14	7	1
t003740	sc	sc	53	16	8	-1
t003741	sc	sc	56	18	18	-2
t003742	sc	sc	76	18	25	-3
t003743	sc	sc	74	21	16	-1
t003744	sc	sc	74	21	14	-1
t003745	sc	sc	83	20	23	9
t003746	sc	sc	64	18	10	-1
t003747	sc	sc	44	11	3	3
t003748	sc	sc	46	16	7	-3
t003749	sc	sc	35	5	4	0
t003750	sc	sc	29	11	3	16
t003751	sc	sc	82	18	16	21
t003752	sc	sc	55	22	13	19
t003753	sc	sc	64	19	17	13
t003754	sc	sc	84	25	19	19
t003755	sc	sc	105	14	12	-2
t003756	sc	sc	77	19	15	9
t003757	sc	sc	10	5	0	0
t003758	sc	sc	3	8	0	2
t003759	sc	sc	17	16	9	2
t003760	sc	sc	9	12	2	3
t003761	sc	sc	32	13	11	1
t003762	sc	sc	22	2	6	1
t003763	sc	sc	7	9	2	6
t003764	sc	sc	11	2	1	0
t003765	sc	sc	38	3	15	5
t003766	sc	sc	24	3	3	2
t003767	sc	sc	4	2	2	0
t003768	sc	sc	14	13	2	9
t003769	sc	sc	16	4	8	9
t003770	sc	sc	19	23	4	5
t003771	sc	sc	15	19	9	20
t003772	sc	sc	24	12	4	3
t003773	sc	sc	37	8	3	1
t003774	sc	sc	30	6	4	0
t003775	sc	sc	7	10	2	1
t003776	sc	sc	32	19	7	18
t003777	sc	sc	31	25	12	10
t003778	sc	sc	31	13	8	11
t003779	sc	sc	17	19	5	5
t003780	sc	sc	15	18	12	3
t003781	sc	sc	17	13	20	1
t003782	sc	sc	19	15	24	1
t003783	sc	sc	10	1	7	1
t003784	sc	sc	59	1	22	3
t003785	sc	sc	14	0	0	1
t003786	sc	sc	36	7	7	3
t003787	sc	sc	64	10	11	3
t003788	sc	sc	48	4	14	4
t003789	sc	sc	55	6	6	3
t003790	sc	sc	35	9	4	1
t003791	sc	sc	31	1	3	1
t003792	sc	sc	38	6	8	-4
t003793	sc	sc	65	8	13	5
t003794	sc	sc	44	5	5	6
t003795	sc	sc	44	4	4	3
t003796	sc	sc	62	16	9	11
t003797	se	se	49	16	13	3
t003798	se	se	36	14	7	6
t003799	se	se	30	18	10	9
t003800	se	se	11	0	1	2
t003801	se	se	9	2	5	3
t003802	se	se	7	3	1	2
t003803	se	se	24	7	5	4
t003804	se	se	12	0	0	1
t003805	se	se	29	12	10	1
t003806	se	se	42	12	3	3
t003807	se	se	10	-1	5	2
t003808	se	se	11	0	1	1
t003809	se	se	17	2	2	0
t003810	se	se	30	2	2	1
t003811	se	se	33	7	5	5
t003812	se	se	12	0	3	0
t003813	se	se	13	3	1	-1
t003814	se	se	12	1	2	0
t003815	se	se	14	2	1	1
t003816	se	se	16	1	4	3
t003817	se	se	11	0	3	0
t003818	se	se	39	6	4	2
t003819	se	se	4	2	1	4
t003820	se	se	27	22	5	7
t003821	se	se	41	39	10	2
t003822	se	se	26	11	4	2
t003823	se	se	68	21	12	9
t003824	se	se	19	4	5	1
t003825	se	se	22	5	4	0
t003826	se	se	20	9	1	2
t003827	se	se	40	10	4	2
t003828	se	se	21	1	9	5
t003829	se	se	48	2	3	-1
t003830	se	se	31	14	7	1
t003831	se	se	42	21	8	1
t003832	se	se	13	4	0	2
t003833	se	se	32	11	5	-1
t003834	se	se	45	8	10	1
t003835	se	se	27	8	4	-1
t003836	se	se	59	29	5	7
t003837	se	se	21	7	2	4
t003838	se	se	42	23	6	8
t003839	se	se	28	7	3	4
t003840	se	se	16	12	0	2
t003841	se	se	31	26	11	3
t003842	se	se	3	3	3	0
t003843	se	se	10	9	2	2
t003844	se	se	6	7	0	0
t003845	se	se	17	22	3	5
t003846	se	se	9	13	4	1
t003847	se	se	11	14	1	1
t003848	se	se	10	22	3	2
t003849	se	se	17	19	2	1
t003850	se	se	23	31	11	0
t003851	se	se	8	16	2	1
t003852	se	se	11	13	5	0
t003853	se	se	31	29	29	9
t003854	se	se	27	6	14	4
t003855	se	se	9	2	5	-1
t003856	se	se	0	0	2	0
t003857	se	se	12	7	18	1
t003858	se	se	11	4	6	0
t003859	se	se	13	1	10	1
t003860	se	se	20	3	28	1
t003861	se	se	4	-1	14	1
t003862	se	se	36	23	10	6
t003863	se	se	38	19	8	13
t003864	se	se	35	11	10	8
t003865	sp	sp	35	3	5	1
t003866	sp	sp	20	2	5	0
t003867	sp	sp	30	3	12	4
t003868	sp	sp	31	6	2	3
t003869	sp	sp	32	4	6	4
t003870	sp	sp	37	8	11	6
t003871	sp	sp	25	3	1	1
t003872	sp	sp	38	5	8	8
t003873	sp	sp	16	5	1	5
t003874	sp	sp	26	4	5	4
t003875	sp	sp	14	1	1	4
t003876	sp	sp	13	9	1	5
t003877	sp	sp	22	6	6	12
t003878	sp	sp	14	10	3	0
t003879	sp	sp	15	3	8	1
t003880	sp	sp	36	7	15	-1
t003881	sp	sp	16	3	3	-1
t003882	sp	sp	18	1	3	0
t003883	sp	sp	24	1	4	3
t003884	sp	sp	21	1	5	1
t003885	sp	sp	25	10	5	1
t003886	sp	sp	17	2	10	3
t003887	sp	sp	26	5	14	4
t003888	sp	sp	26	4	6	2
t003889	sp	sp	33	1	1	0
t003890	sp	sp	18	3	0	1
t003891	sp	sp	31	3	2	1
t003892	sp	sp	23	4	3	0
t003893	sp	sp	28	0	4	1
t003894	sp	sp	26	3	11	-1
t003895	sp	sp	39	6	14	2
t003896	sp	sp	29	3	5	-1
t003897	sp	sp	34	3	5	-1
t003898	sp	sp	18	3	10	-4
t003899	sp	sp	18	0	5	0
t003900	sp	sp	15	1	4	-1
t003901	sp	sp	21	2	0	0
t003902	sp	sp	10	11	2	2
t003903	sp	sp	5	6	2	6
t003904	sp	sp	32	29	6	3
t003905	sp	sp	19	24	11	4
t003906	sp	sp	43	22	10	3
t003907	sp	sp	22	5	1	0
t003908	sp	sp	18	2	1	1
t003909	sp	sp	35	17	7	2
t003910	sp	sp	28	7	12	1
t003911	sp	sp	9	11	0	6
t003912	sp	sp	10	8	1	0
t003913	sp	sp	39	8	7	2
t003914	sp	sp	14	10	0	2
t003915	sp	sp	26	5	0	-1
t003916	sp	sp	22	6	2	1
t003917	sp	sp	14	-1	3	2
t003918	sp	sp	26	1	6	-1
t003919	sp	sp	36	2	7	-2
t003920	sp	sp	28	5	3	2
t003921	sp	sp	43	0	0	1
t003922	sp	sp	21	4	0	0
t003923	sp	sp	13	1	2	0
t003924	sp	sp	15	1	1	1
t003925	sp	sp	19	3	0	0
t003926	sp	sp	38	3	5	1
t003927	sp	sp	31	3	2	2
t003928	sp	sp	9	1	1	1
t003929	sp	sp	15	1	1	0
t003930	sp	sp	31	5	4	3
t003931	sp	sp	39	5	7	0
t003932	sp	sp	44	12	6	4
t003933	sp	sp	17	3	1	1
t003934	sp	sp	25	6	1	3
t003935	sp	sp	44	4	0	2
t003936	sp	sp	26	3	2	1
t003937	sp	sp	24	5	1	1
t003938	sp	sp	28	5	0	3
t003939	sp	sp	15	13	0	-1
t003940	sp	sp	13	9	1	1
t003941	sp	sp	31	11	4	-2
t003942	sp	sp	23	8	1	1
t003943	sp	sp	23	12	4	0
t003944	sp	sp	49	10	11	1
t003945	sp	sp	29	17	3	-2
t003946	sp	sp	8	8	1	0
t003947	sp	sp	8	3	11	0
t003948	sp	sp	4	2	14	1
t003949	sp	sp	7	5	12	-2
t003950	sp	sp	8	5	11	2
t003951	sp	sp	3	4	10	1
t003952	sp	sp	12	4	25	1
t003953	sp	sp	7	11	0	2
t003954	sp	sp	8	10	4	6
t003955	sp	sp	21	18	5	2
t003956	sp	sp	9	18	6	2
t003957	sp	sp	10	12	3	4
t003958	sp	sp	28	4	5	2
t003959	sp	sp	29	15	8	2
t003960	sp	sp	29	4	2	1
t003961	sp	sp	24	7	8	0
t003962	sp	sp	16	7	5	-2
t003963	sp	sp	16	8	2	2
t003964	sp	sp	10	20	19	5
t003965	sp	sp	7	6	18	0
t003966	sp	sp	10	4	17	0
t003967	sp	sp	9	5	13	0
t003968	to	to	5	13	1	2
t003969	to	to	4	14	3	1
t003970	to	to	13	10	5	-1
t003971	to	to	16	13	3	-1
t003972	to	to	11	4	10	0
t003973	to	to	7	7	3	2
t003974	to	to	2	12	3	3
t003975	to	to	2	8	2	2
t003976	to	to	22	1	6	9
t003977	to	to	16	18	6	2
t003978	to	to	32	0	6	4
t003979	to	to	23	-5	12	0
t003980	to	to	22	-6	3	1
t003981	to	to	12	-1	3	0
t003982	to	to	20	-6	0	-1
t003983	to	to	14	-3	1	1
t003984	to	to	15	1	10	0
t003985	to	to	7	-1	6	0
t003986	to	to	34	0	5	2
t003987	to	to	10	-1	4	1
t003988	to	to	31	-4	6	-1
t003989	to	to	24	-2	9	1
t003990	to	to	24	2	4	3
t003991	to	to	12	1	2	3
t003992	to	to	15	0	4	1
t003993	to	to	30	-2	4	2
t003994	to	to	34	3	29	10
t003995	to	to	72	-28	25	8
t003996	to	to	20	2	1	2
t003997	to	to	38	6	5	12
t003998	to	to	11	1	0	0
t003999	to	to	59	5	18	15
t004000	to	to	7	0	1	1
t004001	to	to	11	7	2	3
t004002	to	to	25	8	7	8
t004003	to	to	4	2	1	4
t004004	to	to	33	6	6	7
t004005	to	to	62	7	19	4
t004006	to	to	34	4	4	2
t004007	to	to	14	9	3	4
t004008	to	to	41	8	5	-1
t004009	to	to	16	0	0	1
t004010	to	to	5	0	0	1
t004011	to	to	36	2	6	2
t004012	to	to	38	2	2	0
t004013	to	to	44	-3	4	0
t004014	to	to	20	12	3	1
t004015	to	to	31	3	8	2
t004016	to	to	17	4	0	1
t004017	to	to	51	11	18	6
t004018	to	to	39	4	10	6
t004019	to	to	64	-27	26	6
t004020	to	to	17	15	6	2
t004021	to	to	20	27	3	1
t004022	to	to	16	23	2	2
t004023	to	to	21	9	0	0
t004024	to	to	17	15	1	1
t004025	to	to	13	20	2	0
t004026	to	to	8	12	2	1
t004027	to	to	20	21	3	0
t004028	to	to	6	7	1	0
t004029	to	to	16	14	1	-1
t004030	to	to	8	5	2	1
t004031	to	to	2	6	0	0
t004032	to	to	19	16	3	-1
t004033	to	to	11	6	3	1
t004034	to	to	15	16	3	1
t004035	to	to	31	12	6	2
t004036	to	to	19	-1	8	1
t004037	to	to	18	9	7	1
t004038	to	to	9	2	3	-1
t004039	to	to	5	19	3	1
t004040	to	to	13	17	3	4
t004041	to	to	17	18	4	0
t004042	to	to	11	22	6	3
t004043	to	to	10	10	2	1
t004044	to	to	6	18	1	2
t004045	to	to	28	20	1	0
t004046	to	to	11	22	3	-1
t004047	to	to	8	23	3	0
t004048	to	to	13	19	3	0
t004049	to	to	10	17	2	1
t004050	to	to	15	19	2	-3
t004051	to	to	10	12	0	0
t004052	to	to	7	20	2	2
t004053	to	to	22	24	6	4
t004054	to	to	15	11	3	2
t004055	to	to	12	26	3	0
t004056	to	to	20	19	3	2
t004057	to	to	20	6	10	8
t004058	to	to	18	3	6	1
t004059	to	to	10	4	3	2
t004060	to	to	36	14	3	1
t004061	to	to	18	10	5	2
t004062	to	to	8	5	0	-1
t004063	to	to	14	1	2	1
t004064	to	to	4	8	3	1
t004065	to	to	16	18	4	4
t004066	to	to	4	8	4	3
t004067	to	to	1	3	0	1
t004068	to	to	5	9	1	5
t004069	to	to	22	17	4	4
t004070	to	to	10	36	5	3
t004071	to	to	4	10	3	1
t004072	to	to	53	20	12	-2
t004073	to	to	9	4	4	0
t004074	to	to	9	11	1	1
t004075	to	to	6	21	2	0
t004076	to	to	19	17	1	1
t004077	to	to	2	12	0	1
t004078	to	to	7	18	1	0
t004079	to	to	9	20	3	1
t004080	to	to	12	4	5	0
t004081	to	to	7	8	0	1
t004082	to	to	7	7	3	2
t004083	to	to	2	12	3	3
t004084	to	to	2	8	2	3
t004085	to	to	6	5	7	5
t004086	to	to	21	23	17	7
t004087	to	to	10	1	13	3
t004088	to	to	2	3	6	1
t004089	to	to	8	2	15	0
t004090	to	to	17	7	9	3
t004091	to	to	9	6	4	7
t004092	to	to	11	9	7	4
t004093	to	to	7	3	16	4
t004094	to	to	18	8	9	5
t004095	to	to	6	1	5	2
t004096	to	to	10	9	14	0
t004097	to	to	14	9	8	1
t004098	to	to	10	9	4	1
t004099	to	to	27	5	16	3
t004100	to	to	12	12	13	0
t004101	to	to	11	11	22	0
t004102	to	to	17	-1	33	3
t004103	to	to	4	1	15	1
t004104	to	to	9	3	26	-1
t004105	to	to	12	1	23	0
t004106	to	to	7	3	19	0
t004107	to	to	11	3	21	1
t004108	to	to	16	2	23	2
t004109	to	to	2	-1	21	5
t004110	to	to	9	-1	24	4
t004111	to	to	5	0	20	0
t004112	to	to	11	-2	21	2
